search URL:,https://patents.google.com/?q=%22digital+identity%22&before=priority:20041231&after=priority:20000101
id,title,assignee,inventor/author,priority date,filing/creation date,publication date,grant date,result link,representative figure link
US-9477832-B2,Digital identity management ,"Microsoft Technology Licensing, Llc","David B. Cross, Matthew W. Thomlinson, Philip J. Hallin, Thomas C. Jones",2003-02-13,2014-08-25,2016-10-25,2016-10-25,https://patents.google.com/patent/US9477832B2/en,https://patentimages.storage.googleapis.com/08/ad/04/d6f951196e8812/US09477832-20161025-D00000.png
US-7996512-B2,Digital identity registration ,"The Go Daddy Group, Inc.","Warren Adelman, Michael Chadwick",2004-10-29,2010-05-17,2011-08-09,2011-08-09,https://patents.google.com/patent/US7996512B2/en,https://patentimages.storage.googleapis.com/b8/fc/4d/bcec4dcc9bbe5f/US07996512-20110809-D00000.png
US-8904040-B2,Digital identity validation ,"Go Daddy Operating Company, LLC","Warren Adelman, Michael Chadwick",2004-10-29,2007-05-09,2014-12-02,2014-12-02,https://patents.google.com/patent/US8904040B2/en,https://patentimages.storage.googleapis.com/6a/72/06/3b6da207d220fb/US08904040-20141202-D00000.png
US-8876606-B2,User-centric method of aggregating information sources to reinforce digital identity ,Microsoft Corporation,"Michal Bortnik, Scott Henson, II Patrick W. O'Kelley, Johan Peter Hansen, Ling Tony Chen, Jerry A. Johnson",2004-12-07,2004-12-07,2014-11-04,2014-11-04,https://patents.google.com/patent/US8876606B2/en,https://patentimages.storage.googleapis.com/48/41/18/0b0bf395ca554e/US08876606-20141104-D00000.png
US-7870219-B2,System method and apparatus for portable digital identity ,"Tvworks, Llc","Jonathan I McCormack, Venkatachary Srinivasan, Hari Vasudev, Raymond Drewry",2001-10-12,2009-03-09,2011-01-11,2011-01-11,https://patents.google.com/patent/US7870219B2/en,https://patentimages.storage.googleapis.com/8c/e6/cc/081789c1dce91b/US07870219-20110111-D00000.png
US-9507948-B2,Digital identity device ,Identity Security Llc,"Aureliano Tan, Jr.",2000-02-03,2013-06-14,2016-11-29,2016-11-29,https://patents.google.com/patent/US9507948B2/en,https://patentimages.storage.googleapis.com/07/60/fb/7a96ecf23df52c/US09507948-20161129-D00000.png
US-2007208940-A1,Digital identity related reputation tracking and publishing ,"The Go Daddy Group, Inc.","Warren Adelman, Michael Chadwick",2004-10-29,2007-05-09,2007-09-06,,https://patents.google.com/patent/US20070208940A1/en,https://patentimages.storage.googleapis.com/a2/ab/40/16e8f9f88d1371/US20070208940A1-20070906-D00000.png
KR-20060063646-A,User-centric method of aggregating information source to reinforce digital identity ,마이크로소프트 코포레이션,"제리 에이. 존슨, 조한 피터 한센, 링 토니 첸, 미첼 보트닉, 패트릭 더블유 2세 오'켈리, 스코트 헨슨, 제임스 데이비드 매컬리, 파올로 브이. 말라브요, 스티븐 리안 건",2004-12-07,2005-10-18,2006-06-12,,https://patents.google.com/patent/KR20060063646A/en,https://patentimages.storage.googleapis.com/1e/a6/f7/75e20cd63f70b2/112005058754828-PAT00002.png
CN-1356648-A,Digital identity management system ,上海市电子商务安全证书管理中心有限公司,"何国锋, 张永舫, 陈荦祺, 张吉峰",2002-01-11,2002-01-11,2002-07-03,,https://patents.google.com/patent/CN1356648A/en,https://patentimages.storage.googleapis.com/04/cc/e0/50898c555beeb8/A0211054300151.png
US-2003046575-A1,Digital identity information cards ,International Business Machines Corporation,"Kulvir Bhogal, Nizamudeen Ishmael, Javid Jameossanaie",2001-08-30,2001-08-30,2003-03-06,,https://patents.google.com/patent/US20030046575A1/en,https://patentimages.storage.googleapis.com/9d/0e/89/f9295c3f0ca436/US20030046575A1-20030306-D00000.png
US-2003093681-A1,Digital identity creation and coalescence for service authorization ,Wettstein Gregory H.,Gregory Wettstein,2001-10-15,2002-10-15,2003-05-15,,https://patents.google.com/patent/US20030093681A1/en,https://patentimages.storage.googleapis.com/d6/2e/a6/2eaa64c0559ea9/US20030093681A1-20030515-D00000.png
TW-I244621-B,Method for authenticating an alcohol bottle using a digital identity ,"Ming-Tsung Kao, Yu-Len Chang","Ming-Tsung Kao, Yu-Len Chang",2003-10-23,2003-10-23,2005-12-01,2005-12-01,https://patents.google.com/patent/TWI244621B/en,
CN-1536513-A,Natural human digital identity card ,李玉彬,李玉彬,2000-01-13,2000-01-13,2004-10-13,,https://patents.google.com/patent/CN1536513A/en,https://patentimages.storage.googleapis.com/e8/08/13/e0c5a49e7ff771/A20031010391300081.png
US-2004054913-A1,"System and method for attaching un-forgeable biometric data to digital identity tokens and certificates, and validating the attached biometric data while validating digital identity tokens and certificates ",West Mark Brian,Mark West,2002-02-28,2002-02-28,2004-03-18,,https://patents.google.com/patent/US20040054913A1/en,https://patentimages.storage.googleapis.com/47/a3/4a/c567c87f1ccf8d/US20040054913A1-20040318-D00000.png
WO-02073380-A1,Digital identity device ,Tan Aureliano Jr,"Aureliano Tan, Jr.",2001-03-07,2001-03-07,2002-09-19,,https://patents.google.com/patent/WO2002073380A1/en,
FR-2863753-A1,"Check cashing device for use in shop, has check printing/reading device to automatically store digital data representing payment check, and digital camera to capture and store digital identity image representing identity document ",Infomil,"Marcel Pointeau, Jean Claude Cazalbou, Denis Dargelos",2003-12-16,2003-12-16,2005-06-17,,https://patents.google.com/patent/FR2863753A1/en,
AU-2003226952-A1,Digital identity and method of producing same ,Thomas Arnfeldt Andersen,Thomas Arnfeldt Andersen,2002-04-22,2003-04-22,2003-11-03,,https://patents.google.com/patent/AU2003226952A1/en,
US-9313197-B2,System and method for assigning quality to cryptographaic identities used in a digital transaction ,"Microsoft Technology Licensing, Llc","Michael A. Aday, Bryan M. Willman",2004-01-30,2015-02-23,2016-04-12,2016-04-12,https://patents.google.com/patent/US9313197B2/en,https://patentimages.storage.googleapis.com/1b/80/c2/5a5923659025b3/US09313197-20160412-D00000.png
US-7774388-B1,"Model of everything with UR-URL combination identity-identifier-addressing-indexing method, means, and apparatus ",Margaret Runchey,Margaret Runchey,2001-08-31,2007-08-18,2010-08-10,2010-08-10,https://patents.google.com/patent/US7774388B1/en,https://patentimages.storage.googleapis.com/54/52/59/02f267c9dbffbb/US07774388-20100810-D00000.png
US-9727864-B2,Centralized identification and authentication system and method ,"Nader Asghari-Kamrani, Kamran Asghari-Kamrani","Nader Asghari-Kamrani, Kamran Asghari-Kamrani",2001-08-29,2012-09-07,2017-08-08,2017-08-08,https://patents.google.com/patent/US9727864B2/en,https://patentimages.storage.googleapis.com/12/70/2b/0a132892557011/US09727864-20170808-D00000.png
US-8868678-B2,Aspects of digital media content distribution ,Microsoft Corporation,"Robert Hildreth, Darren R. Davis, Myron C. Thomas",2004-05-03,2007-03-16,2014-10-21,2014-10-21,https://patents.google.com/patent/US8868678B2/en,https://patentimages.storage.googleapis.com/6c/46/58/93c7d0cf3b9398/US08868678-20141021-D00000.png
US-7974925-B2,Content bank for objects ,Accenture Global Services Limited,"Baiju Shah, Ryan Horner",2001-03-26,2008-06-10,2011-07-05,2011-07-05,https://patents.google.com/patent/US7974925B2/en,https://patentimages.storage.googleapis.com/40/6c/e9/02631c65b7acb9/US07974925-20110705-D00000.png
US-8375213-B2,Systems and methods for enabling trust in a federated collaboration ,Exostar Corporation,"Christopher Allen Borneman, James Gerard Kobielus, Jeffrey Dean Nigriny, Robert Edmund Sherwood, Vijay Kumar Takanti",2004-12-15,2011-05-06,2013-02-12,2013-02-12,https://patents.google.com/patent/US8375213B2/en,https://patentimages.storage.googleapis.com/30/32/69/fd139936421bec/US08375213-20130212-D00000.png
US-8656166-B2,Storage and authentication of data transactions ,The Ascent Group Ltd.,Michael Jacobs,2002-07-02,2012-06-12,2014-02-18,2014-02-18,https://patents.google.com/patent/US8656166B2/en,https://patentimages.storage.googleapis.com/aa/38/d4/33ebf85c442ced/US08656166-20140218-D00000.png
US-10492038-B2,Method and apparatus to manage messaging providing different communication modes depending on one identifier and not requiring to disclose contact information ,"Ipventure, Inc.","Kwok Wai Cheung, Peter P. Tong, C. Douglass Thomas",2003-12-08,2017-09-14,2019-11-26,2019-11-26,https://patents.google.com/patent/US10492038B2/en,https://patentimages.storage.googleapis.com/53/fc/90/a60f437827c53a/US10492038-20191126-D00000.png
JP-5291158-B2,CMM arm with exoskeleton ,３ディー  スキャナーズ  リミテッド,クランプトン，ステファン，ジェームス,2003-04-28,2011-08-01,2013-09-18,2013-09-18,https://patents.google.com/patent/JP5291158B2/en,https://patentimages.storage.googleapis.com/3c/bc/c0/8dd7fe1853311a/0005291158-9.png
US-8904180-B2,Method and apparatus for cryptographic key storage wherein key servers are authenticated by possession and secure distribution of stored keys ,"Ca, Inc.","Robert Allen, Robert A. Jerdonek, John Wang, Tom Wu",2001-03-09,2012-10-16,2014-12-02,2014-12-02,https://patents.google.com/patent/US8904180B2/en,https://patentimages.storage.googleapis.com/02/46/b9/b63135fe4a0e2a/US08904180-20141202-D00000.png
US-9043246-B2,Method for performing transactional communication using a universal transaction account identifier assigned to a customer ,Oleg Serebrennikov,Oleg Serebrennikov,2001-10-24,2014-08-25,2015-05-26,2015-05-26,https://patents.google.com/patent/US9043246B2/en,https://patentimages.storage.googleapis.com/30/96/01/29198667847887/US09043246-20150526-D00000.png
US-8204807-B2,"Systems, apparatus, and method re escrow data and documentation ","Settleware Secure Services, Inc.",C. Richard Triola,2000-04-20,2006-05-18,2012-06-19,2012-06-19,https://patents.google.com/patent/US8204807B2/en,https://patentimages.storage.googleapis.com/c3/31/7c/aa88dd112b0c3f/US08204807-20120619-D00000.png
US-2016182488-A1,Pass-Thru for Client Authentication ,"Microsoft Technology Licensing, Llc","David R. Mowers, John A. Banes, Daniel R. Simon, Paul J. Leach",2003-04-15,2016-03-01,2016-06-23,,https://patents.google.com/patent/US20160182488A1/en,https://patentimages.storage.googleapis.com/62/7d/46/689dffb8f4139a/US20160182488A1-20160623-D00000.png
US-9560041-B2,Authenticated remote pin unblock ,Assa Abloy Ab,Mark Herbert Priebatsch,2002-11-27,2015-07-16,2017-01-31,2017-01-31,https://patents.google.com/patent/US9560041B2/en,https://patentimages.storage.googleapis.com/31/3b/f5/53185fa84e15ee/US09560041-20170131-D00000.png
US-2017113145-A1,Application interface for tracking player identity ,"Microsoft Technology Licensing, Llc","Michal Bortnik, Erik John Arthur, James David Macauley, Ling Tony Chen, Yasser B. Asmi, Steven D. Lamb, James N. Helm",2004-12-07,2017-01-04,2017-04-27,,https://patents.google.com/patent/US20170113145A1/en,https://patentimages.storage.googleapis.com/37/89/19/4f334caa97ff7a/US20170113145A1-20170427-D00000.png
US-8185932-B2,System and method for user-centric authorization to access user-specific information ,Microsoft Corporation,Melissa W. Dunn,2002-02-27,2011-01-25,2012-05-22,2012-05-22,https://patents.google.com/patent/US8185932B2/en,https://patentimages.storage.googleapis.com/5a/e9/a4/6fd55df2bd996b/US08185932-20120522-D00000.png
US-8621206-B2,Authority-neutral certification for multiple-authority PKI environments ,Zoralco Fund Limited Liability Company,Kae-por F. Chang,2001-09-28,2011-08-02,2013-12-31,2013-12-31,https://patents.google.com/patent/US8621206B2/en,https://patentimages.storage.googleapis.com/6d/4b/38/35a92debed1a55/US08621206-20131231-D00000.png
US-8132717-B2,Automated banking machine that operates responsive to data bearing records ,"Diebold Self-Service Systems Division Of Diebold, Incorporated","Mark D. Smith, Jay Paul Drummond, Michael A. Meffie, Daniel D. Wasil",2002-05-07,2010-11-18,2012-03-13,2012-03-13,https://patents.google.com/patent/US8132717B2/en,https://patentimages.storage.googleapis.com/fa/2a/d9/0bd986b7ec3109/US08132717-20120313-D00000.png
US-9936235-B2,Personal base station system with wireless video capability ,At&T Mobility Ii Llc,"Jerald J. Gnuschke, David W. Holmes, David K. Smith, Christopher A. White",2003-11-14,2014-08-21,2018-04-03,2018-04-03,https://patents.google.com/patent/US9936235B2/en,https://patentimages.storage.googleapis.com/06/f9/61/31079a6b6e62fd/US09936235-20180403-D00000.png
US-8024562-B2,Revocation of cryptographic digital certificates ,"Ntt Docomo, Inc.","Craig B. Gentry, Zulfikar Amin Ramzan, Bernhard Bruhn",2004-08-31,2009-06-26,2011-09-20,2011-09-20,https://patents.google.com/patent/US8024562B2/en,https://patentimages.storage.googleapis.com/d3/78/87/193e05df8404b6/US08024562-20110920-D00000.png
US-9626655-B2,"Method, apparatus and system for regulating electronic mail ",Intellectual Ventures I Llc,"Maurice W. Haff, Christopher S. Fahey, Daniel B. Curtis, Michael J. Larson, Christopher D. Clarke",2004-02-19,2005-02-16,2017-04-18,2017-04-18,https://patents.google.com/patent/US9626655B2/en,https://patentimages.storage.googleapis.com/62/d6/b7/833b21957b3baa/US09626655-20170418-D00000.png
US-6964405-B2,System and method for improved installation and control of concealed plumbing flush valves ,"Sloan Valve Company, Smart Wave Technologies Corporation","Martin Marcichow, Nhon T. Vuong, Paul Waterhouse, Peter Zosimadis",2004-03-18,2004-03-18,2005-11-15,2005-11-15,https://patents.google.com/patent/US6964405B2/en,https://patentimages.storage.googleapis.com/70/27/df/f6ce00da18cd0c/US06964405-20051115-D00000.png
EP-1633534-B1,Cmm arm with exoskeleton ,Nikon Metrology NV,Stephen James Crampton,2003-04-28,2004-04-26,2018-09-12,2018-09-12,https://patents.google.com/patent/EP1633534B1/en,https://patentimages.storage.googleapis.com/d8/3a/3d/bcd4340d13e1a0/imgf0001.png
US-8615462-B2,Global electronic trading system ,Setec Astronomy Limited,"Arman Glodjo, Nathan D. Bronson, Scott E. Harrington",2000-11-17,2011-02-21,2013-12-24,2013-12-24,https://patents.google.com/patent/US8615462B2/en,https://patentimages.storage.googleapis.com/6f/d4/27/821331bef328b6/US08615462-20131224-D00000.png
US-8065520-B2,Method and apparatus for encrypted communications to a secure server ,Symantec Corporation,"Stephen Dao Hui Hsu, James Noshir Hormuzdiar, Jon A Chun",2000-05-26,2009-02-27,2011-11-22,2011-11-22,https://patents.google.com/patent/US8065520B2/en,https://patentimages.storage.googleapis.com/d2/ee/c3/056dc47fb349a2/US08065520-20111122-D00000.png
US-7737857-B2,Context-aware and real-time item tracking system architecture and scenarios ,Sap Aktiengesellschaft,"Peter S. Ebert, Richard J. Swan, Tao Lin, Jie Weng, Hartmut K. Vogler, Brian S. Mo, Stephan Haller",2002-01-11,2008-12-12,2010-06-15,2010-06-15,https://patents.google.com/patent/US7737857B2/en,https://patentimages.storage.googleapis.com/3e/cf/c8/2db0997de61fef/US07737857-20100615-D00000.png
US-7398393-B2,Privacy management of personal data ,"Hewlett-Packard Development Company, L.P.","Marco Casassa Mont, Keith Alexander Harrison, Martin Sadler, Siani Lynne Pearson",2003-01-31,2004-01-28,2008-07-08,2008-07-08,https://patents.google.com/patent/US7398393B2/en,https://patentimages.storage.googleapis.com/e3/61/a8/611f3f9ceea0e7/US07398393-20080708-D00000.png
US-7610391-B2,User-centric consent management system and method ,Microsoft Corporation,Melissa W. Dunn,2002-02-27,2006-07-10,2009-10-27,2009-10-27,https://patents.google.com/patent/US7610391B2/en,https://patentimages.storage.googleapis.com/53/49/92/80ce8f3384f996/US07610391-20091027-D00000.png
US-8749345-B2,Security authorization system ,Milton Thompson,Milton Thompson,2003-03-25,2004-03-24,2014-06-10,2014-06-10,https://patents.google.com/patent/US8749345B2/en,https://patentimages.storage.googleapis.com/a8/e4/8d/7463cc44fd63aa/US08749345-20140610-D00000.png
US-7571489-B2,One time passcode system ,International Business Machines Corporation,"Peng T. Ong, Sriram Ramachandran",2004-10-20,2004-10-20,2009-08-04,2009-08-04,https://patents.google.com/patent/US7571489B2/en,https://patentimages.storage.googleapis.com/26/3f/ec/2c5ef59eb99ce4/US07571489-20090804-D00000.png
US-8635457-B2,Data certification methods and apparatus ,Cryptomathic Ltd.,"Jonathan Roshan Tuliani, Michael Bursell",2004-09-02,2005-08-16,2014-01-21,2014-01-21,https://patents.google.com/patent/US8635457B2/en,https://patentimages.storage.googleapis.com/bc/19/64/7807fb0426147d/US08635457-20140121-D00000.png
EP-1585286-B1,Credential roaming ,"Microsoft Technology Licensing, LLC","David B. Cross, Hao Zhuang, Philip J. Hallin, Xiaohong Su",2004-04-09,2005-04-01,2017-01-18,2017-01-18,https://patents.google.com/patent/EP1585286B1/en,https://patentimages.storage.googleapis.com/54/9b/a9/8bed220376b08d/imgf0001.png
US-9355097-B2,Game achievements system ,"Microsoft Technology Licensing, Llc","Michal Bortnik, Vincent H. Curley, James Hsi-Kai Jen, James David Macauley, Ling Tony Chen, Steven D. Lamb",2004-12-07,2013-05-01,2016-05-31,2016-05-31,https://patents.google.com/patent/US9355097B2/en,https://patentimages.storage.googleapis.com/f4/1a/e9/2096c4b2a1456a/US09355097-20160531-D00000.png
US-7716489-B1,Access control method for disconnected automation systems ,"Rockwell Automation Technologies, Inc.","David D. Brandt, Michael A. Bush, Brian A. Batke, Mark B. Anderson, Jeffrey A. Shearer, Craig D. Anderson",2004-09-29,2004-09-29,2010-05-11,2010-05-11,https://patents.google.com/patent/US7716489B1/en,https://patentimages.storage.googleapis.com/1e/31/dc/7b884f3f4e5401/US07716489-20100511-D00000.png
US-7266692-B2,"Use of modular roots to perform authentication including, but not limited to, authentication of validity of digital certificates ","Ntt Docomo, Inc.","Zulfikar Amin Ramzan, Craig B. Gentry, Bernhard Bruhn",2004-12-17,2005-12-15,2007-09-04,2007-09-04,https://patents.google.com/patent/US7266692B2/en,https://patentimages.storage.googleapis.com/80/3b/e0/37b13aeab186a9/US07266692-20070904-D00000.png
US-10398985-B2,Social matching of game players on-line ,"Microsoft Technology Licensing, Llc","David Shaw, Paul E. Newson, II Patrick W. O'Kelley, William B. Fulton",2004-12-08,2016-06-03,2019-09-03,2019-09-03,https://patents.google.com/patent/US10398985B2/en,https://patentimages.storage.googleapis.com/af/e9/64/5eb63fb5c761dc/US10398985-20190903-D00000.png
US-8425331-B2,"User interface for viewing aggregated game, system and personal information ",Microsoft Corporation,"Michal Bortnik, Paolo V. Malabuyo, Steven Ryan Gunn, James David Macauley, II Patrick W. O'Kelley",2004-12-07,2004-12-07,2013-04-23,2013-04-23,https://patents.google.com/patent/US8425331B2/en,https://patentimages.storage.googleapis.com/56/60/20/db1505d174846a/US08425331-20130423-D00000.png
US-7181764-B2,System and method for a subscription model trusted email database for use in antispam ,Yahoo! Inc.,"Jing Zhu, George Hu",2003-11-04,2004-10-28,2007-02-20,2007-02-20,https://patents.google.com/patent/US7181764B2/en,https://patentimages.storage.googleapis.com/f3/69/5a/581516ad07274e/US07181764-20070220-D00000.png
US-7315941-B2,Multi-certificate revocation using encrypted proof data for proving certificate's validity or invalidity ,Ntt Docomo Inc.,"Zulfikar Amin Ramzan, Craig B. Gentry, Bernhard Bruhn",2004-12-17,2005-12-14,2008-01-01,2008-01-01,https://patents.google.com/patent/US7315941B2/en,https://patentimages.storage.googleapis.com/19/e4/d1/9d6cf63022d4e2/US07315941-20080101-D00000.png
US-7155738-B2,System and method for managing a trusted email datastore ,Yahoo! Inc.,"Jing Zhu, George Hu",2003-11-04,2004-07-08,2006-12-26,2006-12-26,https://patents.google.com/patent/US7155738B2/en,https://patentimages.storage.googleapis.com/43/60/c5/d90f69a935cb3f/US07155738-20061226-D00000.png
CN-101048330-B,Maintenance method and device for an elevator or escalator installation ,因温特奥股份公司,"罗默奥·德普拉策斯, 克里斯蒂安·博德默尔",2004-11-09,2005-11-07,2011-08-31,2011-08-31,https://patents.google.com/patent/CN101048330B/en,https://patentimages.storage.googleapis.com/af/8d/24/fb685a42779460/H05836473620070426E000011.png
US-2005124320-A1,System and method for the light-weight management of identity and related information ,"Johannes Ernst, Tammy Ernst","Johannes Ernst, Tammy Ernst",2003-12-09,2004-12-08,2005-06-09,,https://patents.google.com/patent/US20050124320A1/en,https://patentimages.storage.googleapis.com/79/f3/be/12b6a62cc6f9a7/US20050124320A1-20050609-D00000.png
KR-101105296-B1,"Integrated circuit, semiconductor device and id chip ",가부시키가이샤 한도오따이 에네루기 켄큐쇼,"키요시 카토, 준 고야마",2004-02-20,2005-02-18,2012-01-17,2012-01-17,https://patents.google.com/patent/KR101105296B1/en,https://patentimages.storage.googleapis.com/72/fe/54/e9fb6af0e5cfef/112005008642177-pat00001.png
US-2005289474-A1,Presentation of information based on digital identities ,"Ayman, Llc","Adarbad Master, Nigel Simmons, Ayman Hariri",2004-06-23,2004-06-23,2005-12-29,,https://patents.google.com/patent/US20050289474A1/en,https://patentimages.storage.googleapis.com/d0/a9/e8/2fbe9435697627/US20050289474A1-20051229-D00000.png
US-7406599-B1,Indicating status for digital signatures ,Adobe Systems Incorporated,"James D. Pravetz, William Ie",2004-04-06,2004-04-06,2008-07-29,2008-07-29,https://patents.google.com/patent/US7406599B1/en,https://patentimages.storage.googleapis.com/a4/5e/2f/3a3bfde1b3236a/US07406599-20080729-D00000.png
US-2005216953-A1,System and method for verification of identity ,Ellingson John F,John Ellingson,2000-01-21,2005-02-10,2005-09-29,,https://patents.google.com/patent/US20050216953A1/en,https://patentimages.storage.googleapis.com/3d/24/5f/429a8663a4491f/US20050216953A1-20050929-D00000.png
US-10380374-B2,System and method for preventing identity theft or misuse by restricting access ,"Jpmorgan Chase Bank, N.A.",Glenn C. Everhart,2001-04-20,2014-09-29,2019-08-13,2019-08-13,https://patents.google.com/patent/US10380374B2/en,https://patentimages.storage.googleapis.com/22/65/23/068867766f8cd7/US10380374-20190813-D00000.png
US-7473179-B2,Retro-fit responsible gaming system ,Techlink International Entertainment Ltd.,"John Xidos, Robert Mackenzie",2002-12-20,2004-06-18,2009-01-06,2009-01-06,https://patents.google.com/patent/US7473179B2/en,https://patentimages.storage.googleapis.com/8e/52/f8/e3c1c581be1ae3/US07473179-20090106-D00000.png
US-2009215539-A1,Retro-fit responsible gaming system ,"John Xidos, Robert Mackenzie","John Xidos, Robert Mackenzie",2002-12-20,2009-01-05,2009-08-27,,https://patents.google.com/patent/US20090215539A1/en,https://patentimages.storage.googleapis.com/03/1a/d9/27a7d85c71d49f/US20090215539A1-20090827-D00000.png
US-8005259-B2,Watermarking systems and methods ,Digimarc Corporation,"Kenneth L. Levy, Ravi K. Sharma, Lance Lixin Shen, John Stach",2003-02-05,2010-04-20,2011-08-23,2011-08-23,https://patents.google.com/patent/US8005259B2/en,
US-7749084-B2,Tool for real-time graphical exploration of interconnected friends and groups ,Microsoft Corporation,"Brendan K. Reville, Dan B. Kroymann, Fabrice Odero, Jeffrey D. Henshaw, Jeffrey L. Allen",2004-12-07,2004-12-07,2010-07-06,2010-07-06,https://patents.google.com/patent/US7749084B2/en,https://patentimages.storage.googleapis.com/d4/9b/25/b467bcafc5069a/US07749084-20100706-D00000.png
US-9703938-B2,Direct authentication system and method via trusted authenticators ,"Nader Asghari-Kamrani, Kamran Asghari-Kamrani","Nader Asghari-Kamrani, Kamran Asghari-Kamrani",2001-08-29,2012-10-02,2017-07-11,2017-07-11,https://patents.google.com/patent/US9703938B2/en,https://patentimages.storage.googleapis.com/14/0c/6a/ad2af607a9c5aa/US09703938-20170711-D00000.png
US-2014245014-A1,Remote control app for smart phones ,Pascal's Pocket Corporation,"Edward F. Tuck, Douglas R. Sallen, Douglas G. Lockie, Thomas N. Giaccherini, Stig M. Pedersen, David K. Probst, Mark A. Sturza",2001-06-22,2013-12-10,2014-08-28,,https://patents.google.com/patent/US20140245014A1/en,https://patentimages.storage.googleapis.com/84/b5/e4/40b37abeb880cd/US20140245014A1-20140828-D00000.png
EP-1839139-B1,Automated provisioning of new networked devices ,Intel Corporation,"Howard Herbert, Moshe Maor",2004-12-30,2005-12-20,2014-10-08,2014-10-08,https://patents.google.com/patent/EP1839139B1/en,https://patentimages.storage.googleapis.com/6d/60/f1/cc83a196d6c767/imgf0001.png
US-2010211450-A1,Buyer-driven targeting of purchasing entities ,Buyerleverage,Mark Landesmann,2000-10-30,2010-04-28,2010-08-19,,https://patents.google.com/patent/US20100211450A1/en,https://patentimages.storage.googleapis.com/bd/66/1a/f2bd7304c7b73f/US20100211450A1-20100819-D00000.png
US-2007143407-A1,E-mail certification service ,"First Information Systems, Llc","Peter Avritch, Bruce Clay, James Du Molin",2003-12-30,2004-12-28,2007-06-21,,https://patents.google.com/patent/US20070143407A1/en,https://patentimages.storage.googleapis.com/4d/f8/2c/be0447d3b56c4a/US20070143407A1-20070621-D00000.png
CN-101375284-B,Secure data parser method and system ,安全第一公司,"里克·L·奥尔西尼, 马克·S·奥黑尔, 罗杰·达文波特, 史蒂文·威尼克",2004-10-25,2005-10-25,2012-02-22,2012-02-22,https://patents.google.com/patent/CN101375284B/en,https://patentimages.storage.googleapis.com/ae/ba/55/9b7eddeb3b84d4/H2005841868520070608E000011.png
US-2006010086-A1,Data append method for sent postal mail ,Klein Elliot S,Elliot Klein,2004-07-10,2005-06-01,2006-01-12,,https://patents.google.com/patent/US20060010086A1/en,https://patentimages.storage.googleapis.com/e4/f5/c0/5d636484551e2e/US20060010086A1-20060112-D00000.png
CN-101091369-B,Means and method for control of personal data ,艾利森电话股份有限公司,"杨智仁, H·桑德斯特龙",2004-12-22,2004-12-22,2012-11-14,2012-11-14,https://patents.google.com/patent/CN101091369B/en,https://patentimages.storage.googleapis.com/13/b6/7f/573f9111e36399/H04844690520070625E000011.png
US-2005193198-A1,"System, method and apparatus for electronic authentication ",Jean-Michel Livowsky,Jean-Michel Livowsky,2004-01-27,2005-01-27,2005-09-01,,https://patents.google.com/patent/US20050193198A1/en,https://patentimages.storage.googleapis.com/f1/55/ce/25765ce8e0b6ce/US20050193198A1-20050901-D00000.png
US-2005246292-A1,Method and system for a virtual safe ,Branko Sarcanin,Branko Sarcanin,2000-04-14,2005-07-06,2005-11-03,,https://patents.google.com/patent/US20050246292A1/en,https://patentimages.storage.googleapis.com/6e/b3/e2/a557790f0212f2/US20050246292A1-20051103-D00000.png
US-2007083766-A1,Data transmission links ,Kabushiki Kaisha Toshiba,"Timothy Farnham, Chan Yeun",2002-01-17,2006-10-19,2007-04-12,,https://patents.google.com/patent/US20070083766A1/en,https://patentimages.storage.googleapis.com/14/25/27/4a452b0ad22e5e/US20070083766A1-20070412-D00000.png
US-2008021870-A1,Social Network of Identities and Query Method Therefor ,"Scott Birnbaum, Nigel Simmons, Adarbad Master","Scott Birnbaum, Nigel Simmons, Adarbad Master",2003-07-15,2004-07-15,2008-01-24,,https://patents.google.com/patent/US20080021870A1/en,https://patentimages.storage.googleapis.com/24/a5/78/f2537765b47a2b/US20080021870A1-20080124-D00000.png
US-2004255137-A1,Defending the name space ,Shuqian Ying,Shuqian Ying,2003-01-09,2004-01-08,2004-12-16,,https://patents.google.com/patent/US20040255137A1/en,https://patentimages.storage.googleapis.com/32/c5/40/27dce639e5d189/US20040255137A1-20041216-D00000.png
WO-2006047615-A2,Identity verification system with interoperable and interchangeable input devices ,"Biocom, Llc",Wayne Kyle,2004-10-27,2005-10-27,2006-05-04,,https://patents.google.com/patent/WO2006047615A2/en,
CN-100377521-C,Personal authentication device and method thereof ,"财团法人工业技术研究院, 孔祥重",孔祥重,2003-05-23,2004-05-24,2008-03-26,2008-03-26,https://patents.google.com/patent/CN100377521C/en,https://patentimages.storage.googleapis.com/6c/86/b7/871de5e9fa19a1/C20041004590200271.png
US-7970689-B2,Single-period auctions network decentralized trading system and method ,"Scale Semiconductor Flg, L.L.C.",Arman Glodjo,2000-11-17,2005-01-28,2011-06-28,2011-06-28,https://patents.google.com/patent/US7970689B2/en,https://patentimages.storage.googleapis.com/7c/b6/76/0d54b4f484dd1d/US07970689-20110628-D00000.png
US-7840994-B2,Method and apparatus for efficient certificate revocation ,"Ntt Docomo, Inc.","Craig B. Gentry, Zulfikar Amin Ramzan",2003-09-19,2004-09-09,2010-11-23,2010-11-23,https://patents.google.com/patent/US7840994B2/en,https://patentimages.storage.googleapis.com/b9/d7/fa/2c7f5c9f8a4f4e/US07840994-20101123-D00000.png
US-7929689-B2,Call signs ,Microsoft Corporation,"Christian François Huitema, Josh D. Benaloh, Kim Cameron",2004-06-30,2004-06-30,2011-04-19,2011-04-19,https://patents.google.com/patent/US7929689B2/en,https://patentimages.storage.googleapis.com/cf/34/ca/a82bbc831db848/US07929689-20110419-D00000.png
US-8255312-B2,Issuing machine and issuing system ,Michihiro Sato,"Michihiro Sato, A. Udaya Shankar",2001-09-03,2011-05-26,2012-08-28,2012-08-28,https://patents.google.com/patent/US8255312B2/en,https://patentimages.storage.googleapis.com/36/e4/34/d3d65e662a2343/US08255312-20120828-D00000.png
US-8103580-B2,Issuing machine and issuing system for public-offering a financing instrument on-line ,Michihiro Sato,"Michihiro Sato, A. Udaya Shankar",2001-09-03,2010-12-23,2012-01-24,2012-01-24,https://patents.google.com/patent/US8103580B2/en,https://patentimages.storage.googleapis.com/ae/1e/c3/104c6132ddb0e7/US08103580-20120124-D00000.png
US-2006253894-A1,Mobility device platform ,"Peter Bookman, White Rick C, Michael Anderer","Peter Bookman, Rick White, Michael Anderer",2004-04-30,2006-01-05,2006-11-09,,https://patents.google.com/patent/US20060253894A1/en,https://patentimages.storage.googleapis.com/b8/d1/2e/a163452690b13b/US20060253894A1-20061109-D00000.png
US-2006020783-A1,"Method, system and service for conducting authenticated business transactions ",Douglas Fisher,Douglas Fisher,2000-08-30,2005-08-05,2006-01-26,,https://patents.google.com/patent/US20060020783A1/en,https://patentimages.storage.googleapis.com/88/ab/41/e1e0efbbc96502/US20060020783A1-20060126-D00000.png
US-2005149759-A1,User/product authentication and piracy management system ,"Movemoney, Inc.","Balamani Vishwanath, Brian Mantz",2000-06-15,2005-02-25,2005-07-07,,https://patents.google.com/patent/US20050149759A1/en,https://patentimages.storage.googleapis.com/db/93/3a/2a17433261013c/US20050149759A1-20050707-D00000.png
US-2006175753-A1,Electronic game board ,"Maciver Peter, James Keifer","Peter MacIver, James Keifer",2004-11-23,2005-11-22,2006-08-10,,https://patents.google.com/patent/US20060175753A1/en,https://patentimages.storage.googleapis.com/07/2d/9a/d29d2e48311cc0/US20060175753A1-20060810-D00000.png
US-2006123476-A1,System and method for warranting electronic mail using a hybrid public key encryption scheme ,Karim Yaghmour,Karim Yaghmour,2004-02-12,2005-02-11,2006-06-08,,https://patents.google.com/patent/US20060123476A1/en,https://patentimages.storage.googleapis.com/32/48/33/0ac652547008dd/US20060123476A1-20060608-D00000.png
US-2008215719-A1,Data Communication and Coherence in a Distributed Item Tracking System ,Sap Aktiengesellschaft,Richard J. Swan,2002-01-11,2008-05-14,2008-09-04,,https://patents.google.com/patent/US20080215719A1/en,https://patentimages.storage.googleapis.com/b0/33/3d/259ba318edeede/US20080215719A1-20080904-D00000.png
US-2008275819-A1,System and Method for Transaction Payment in Multiple Languages and Currencies ,Paul Rifai,Paul Rifai,2004-10-15,2004-12-30,2008-11-06,,https://patents.google.com/patent/US20080275819A1/en,https://patentimages.storage.googleapis.com/2e/36/9f/c0e91460603c82/US20080275819A1-20081106-D00000.png
US-2004201384-A1,Active tag for object sensing ,Berkel Cornelis Van,Cornelis Berkel,2001-07-25,2004-04-23,2004-10-14,,https://patents.google.com/patent/US20040201384A1/en,https://patentimages.storage.googleapis.com/e5/af/a7/ffe5ffd411f584/US20040201384A1-20041014-D00000.png
KR-20050103977-A,Camera and digital watermarking systems and methods ,디지맥 코포레이션,"트렌트 제이. 브런디지, 토니 에프. 로드리구에즈, 스티븐 마이클 쇼볼리, 브라이언 라브렉",2003-03-06,2004-03-05,2005-11-01,,https://patents.google.com/patent/KR20050103977A/en,
JP-2007282281-A,Secure identity and privilege system ,"Northrop Grumman Corp, ノースロップ・グラマン・コーポレーション","William E Freeman, ウィリアム・イー・フリーマン, Mark A Bellmore, マーク・エイ・ベルモア, Kenneth W Aull, ケネス・ダブリュー・アウル",2002-03-26,2007-07-04,2007-10-25,,https://patents.google.com/patent/JP2007282281A/en,https://patentimages.storage.googleapis.com/5d/2a/3e/9630c756902a9a/2007282281-3.png
US-2005182971-A1,Multi-purpose user authentication device ,"Ong Peng T., Joo Chua T., Vui Chin K.","Peng Ong, Chua Joo, Chin Vui",2004-02-12,2004-02-12,2005-08-18,,https://patents.google.com/patent/US20050182971A1/en,https://patentimages.storage.googleapis.com/3e/2e/6c/a8434391f3d14b/US20050182971A1-20050818-D00000.png
CN-100370772-C,Method for switching in radio local-area network mobile terminal ,华为技术有限公司,冯凯锋,2004-06-04,2004-06-04,2008-02-20,2008-02-20,https://patents.google.com/patent/CN100370772C/en,https://patentimages.storage.googleapis.com/74/f8/e7/5a7dca097de6cb/C20041004294700191.png
US-2005172229-A1,Browser user-interface security application ,"Arcot Systems, Inc.","James Reno, Thomas Wu, John Wang",2004-01-29,2005-01-28,2005-08-04,,https://patents.google.com/patent/US20050172229A1/en,https://patentimages.storage.googleapis.com/f5/33/e9/e79891f5aa7b5e/US20050172229A1-20050804-D00000.png
US-2006068911-A1,Game console communication with a computer ,Microsoft Corporation,"Christopher Pirich, Derek Smith, Gregory Martinez, James Yagelowich, Jon Whitten, Maciej Maciesowicz, Mark McCracken, Michael Maston, Andrew Murphy",2004-09-30,2004-09-30,2006-03-30,,https://patents.google.com/patent/US20060068911A1/en,https://patentimages.storage.googleapis.com/cb/54/10/e546535be7410c/US20060068911A1-20060330-D00000.png
US-2005278544-A1,Removable data storage medium and associated marketing interface ,Arthur Baxter,Arthur Baxter,2004-06-14,2005-06-13,2005-12-15,,https://patents.google.com/patent/US20050278544A1/en,https://patentimages.storage.googleapis.com/44/c2/01/67aa0f34e71eac/US20050278544A1-20051215-D00000.png
WO-2004063871-A2,System and method for secure electronic communication in a partially keyless environment ,Pgp Corporation,"Jonathan D. Callas, William F. Price, Iii., David E. Allen",2003-01-07,2004-01-07,2004-07-29,,https://patents.google.com/patent/WO2004063871A2/en,
US-7941660-B2,System and method for data communications allowing slave device to be network peers ,Gemalto Sa,"HongQian Karen Lu, Michael A. Montgomery",2003-11-13,2006-02-13,2011-05-10,2011-05-10,https://patents.google.com/patent/US7941660B2/en,https://patentimages.storage.googleapis.com/d6/dd/75/35aa43ec9cfc74/US07941660-20110510-D00000.png
CN-1737832-A,Method for establishing customer information and consumption record conveniently ,厦门盾安科技有限公司,龙刚,2004-08-18,2004-08-18,2006-02-22,,https://patents.google.com/patent/CN1737832A/en,
US-2006242038-A1,"Method for charging costs of enjoying contents transmitted over a telecommunications network, preferably by the internet network, and related system ",Michele Giudilli,Michele Giudilli,2003-07-14,2004-07-12,2006-10-26,,https://patents.google.com/patent/US20060242038A1/en,https://patentimages.storage.googleapis.com/80/28/a6/1e3a11b0ea6efe/US20060242038A1-20061026-D00000.png
US-2005182937-A1,Method and system for sending secure messages over an unsecured network ,Harmeet Singh Bedi,Harmeet Singh Bedi,2004-02-12,2005-02-08,2005-08-18,,https://patents.google.com/patent/US20050182937A1/en,https://patentimages.storage.googleapis.com/8b/f6/e5/7ac247d22fc9a9/US20050182937A1-20050818-D00000.png
CA-2578053-A1,System and method for accessing host computer via remote computer ,"Jerry S. Iwanski, K. Andrew White, Route1 Inc.","Jerry S. Iwanski, K. Andrew White",2004-09-07,2005-09-06,2006-03-16,,https://patents.google.com/patent/CA2578053A1/en,
WO-2004063869-A2,System and method for secure and transparent electronic communication ,Pgp Corporation,"Jonathan D. Callas, William F. Price, Iii, David E. Allen",2003-01-07,2004-01-07,2004-07-29,,https://patents.google.com/patent/WO2004063869A2/en,
CN-1719768-A,Electronic authorizing and signing protection system and method thereof ,千乡万才科技(中国)有限公司,"林光信, 张大秀",2004-07-09,2004-07-09,2006-01-11,,https://patents.google.com/patent/CN1719768A/en,https://patentimages.storage.googleapis.com/0b/50/69/84eeb99310e1cc/A20041006971300142.png
WO-2005038589-A2,Electronic document management system ,"Bce Emergis Electronic Mortgage Services, Llc","John P. Barnes, Sai Alluru, Derek Benner, Naja Buddharaju, Taj Chadha, Bonnie Kidwell, Josh Nan, Todd A. Safford, Xan Schmickel, Jack Sponsler, Kimberly M. Weaver, Bin Zhou, Peter Davies",2003-10-14,2004-10-14,2005-04-28,,https://patents.google.com/patent/WO2005038589A2/en,
WO-2006062546-A2,System and method of filtering electronic messages ,"Ayman, Llc","Adarbad Master, Nigel Simmons",2004-12-07,2005-06-10,2006-06-15,,https://patents.google.com/patent/WO2006062546A2/en,
US-2006078127-A1,Dispersed data storage using cryptographic scrambling ,Philip Cacayorin,Philip Cacayorin,2004-10-08,2005-10-07,2006-04-13,,https://patents.google.com/patent/US20060078127A1/en,https://patentimages.storage.googleapis.com/36/85/6f/60b72f51ffd556/US20060078127A1-20060413-D00000.png
US-2005151941-A1,Advanced performance widget display system ,Solomon Dennis J.,Dennis Solomon,2000-06-16,2004-09-15,2005-07-14,,https://patents.google.com/patent/US20050151941A1/en,https://patentimages.storage.googleapis.com/22/5d/03/2f7730a0d7ae25/US20050151941A1-20050714-D00000.png
WO-2004063870-A2,System and method for dynamic data security operations ,Pgp Corporation,"Jonathan D. Callas, William F. Price, Iii, David E. Allen",2003-01-07,2004-01-07,2004-07-29,,https://patents.google.com/patent/WO2004063870A2/en,
DE-102004021285-A1,Process for the parallel generation of a secure digital and handwritten form of a will ,"Lehr, Hartmuth F., Dr., Thomas Wilke","Hartmuth F Lehr, Thomas Wilke",2004-04-29,2004-04-29,2005-11-24,,https://patents.google.com/patent/DE102004021285A1/en,
GB-2410659-A,Flexible delegation ,Toshiba Res Europ Ltd,"Georgios Kalogridis, Gary Clemo, Chan Yeob Yeun",2002-10-14,2005-04-29,2005-08-03,,https://patents.google.com/patent/GB2410659A/en,
JP-2006527890-A,Method and system for constructing and processing a multi-purpose proof management device effective for biometrics ,ユーアールユー  テクノロジー  インコーポレイテッド,"ジョン  ロバート コイン，, クリストファー  アンドルー コイン，, ウィリアム  マーク アダムス，, レーモン  マンソン ウォーラス，",2003-06-16,2004-06-15,2006-12-07,,https://patents.google.com/patent/JP2006527890A/en,https://patentimages.storage.googleapis.com/47/c9/c8/ac22184dc5772f/2006527890-3.png
US-7805611-B1,Method for secure communication from chip card and system for performing the same ,"Oracle America, Inc.","Oscar Montemayor, Joe T. Wei, Ellen H. Siegel",2004-12-03,2004-12-03,2010-09-28,2010-09-28,https://patents.google.com/patent/US7805611B1/en,https://patentimages.storage.googleapis.com/94/ee/4e/2aa503a3ff9ec8/US07805611-20100928-D00000.png
GB-2411801-A,Establishing secure connections in ad-hoc wireless networks in blind trust situations ,Toshiba Res Europ Ltd,"Georgios Kalogridis, Chan Yeob Yeun, Gary Clemo",2004-03-05,2004-03-05,2005-09-07,,https://patents.google.com/patent/GB2411801A/en,
US-2005131802-A1,Method and system for network-decentralized trading with optimal proximity measures ,Arman Glodjo,Arman Glodjo,2000-11-17,2005-01-28,2005-06-16,,https://patents.google.com/patent/US20050131802A1/en,https://patentimages.storage.googleapis.com/79/ee/fb/16a68011efca09/US20050131802A1-20050616-D00000.png
US-2015227933-A1,Method for performing transactional communication using a universal transaction account identifier assigned to a customer ,Oleg Serebrennikov,Oleg Serebrennikov,2001-10-24,2015-04-21,2015-08-13,,https://patents.google.com/patent/US20150227933A1/en,https://patentimages.storage.googleapis.com/90/cf/be/dd34c241397026/US20150227933A1-20150813-D00000.png
CN-100492394-C,Process for delaying the printing of an identification code on a piece of mail ,索利斯蒂克有限公司,伊曼纽尔·密特,2004-04-07,2005-04-06,2009-05-27,2009-05-27,https://patents.google.com/patent/CN100492394C/en,https://patentimages.storage.googleapis.com/1c/63/3e/10238e87eb064b/C200510064817E00091.png
CN-1648956-A,Method and device for managing cash in self-aid service system ,湖南金码科技发展有限公司,"金瓯, 贺建飚, 戴文斌, 刘友明, 何世强, 周湘华, 杨亮",2004-12-31,2004-12-31,2005-08-03,,https://patents.google.com/patent/CN1648956A/en,https://patentimages.storage.googleapis.com/e5/e1/cf/3efc8d6de5a39b/A20041004714000101.png
KR-100687719-B1,System form providing electronic businesscard service using open service interface ,한국전자통신연구원,"성기순, 박유미, 이용주, 최진영, 최영일, 이병선, 전경표",2004-12-16,2004-12-16,2007-02-27,2007-02-27,https://patents.google.com/patent/KR100687719B1/en,https://patentimages.storage.googleapis.com/d6/06/1f/c0690157f9845b/112004059458492-pat00001.png
CN-1728133-A,"Object oriented information server, preparation method and browser ",武征,武征,2004-07-27,2004-07-27,2006-02-01,,https://patents.google.com/patent/CN1728133A/en,https://patentimages.storage.googleapis.com/79/cc/29/fc9c3522bfecb9/A20041005543500361.png
IL-161422-A,Portable personal health information package ,Amos Grushka,,2001-11-08,2004-04-15,2009-08-03,,https://patents.google.com/patent/IL161422A/en,
CA-2577482-A1,Compliance assessment and security testing of smart cards ,"Mastercard International Incorporated, Alan Mushing",Alan Mushing,2004-08-17,2005-08-17,2006-03-30,,https://patents.google.com/patent/CA2577482A1/en,
EP-1782227-A2,Method of updating information in an electronic note ,"Ayman, LLC","Nigel Simmons, Ilene Landon, John Schilaci",2004-06-23,2005-06-23,2007-05-09,,https://patents.google.com/patent/EP1782227A2/en,
WO-2004081833-A1,Method and system for improving commuting traffic ,Ecolane Finland Oy,"Sami PÖYKKÖ, Ville Ruutu",2003-03-11,2004-03-11,2004-09-23,,https://patents.google.com/patent/WO2004081833A1/en,
CN-1697370-A,Method for mobile terminal in WLAN to apply for certificate ,华为技术有限公司,"冯凯锋, 刘廷永",2004-05-14,2004-05-14,2005-11-16,,https://patents.google.com/patent/CN1697370A/en,https://patentimages.storage.googleapis.com/65/f0/5c/44b1f9ffaca14e/A20041003800000111.png
CN-1700639-A,Method for leading-in and leading-out WLAN authentication and privacy infrastructure certificate information ,华为技术有限公司,冯凯锋,2004-05-21,2004-05-21,2005-11-23,,https://patents.google.com/patent/CN1700639A/en,https://patentimages.storage.googleapis.com/44/9d/df/65dcf4e7ee8509/A20041004246800152.png
EP-1843514-A2,Redactable signatures in cryptographic digital certificates ,NTT DoCoMo Inc.,"Craig B. Gentry, Zulfikar Ramzan, Bernhard Bruhn",2004-08-31,2005-08-31,2007-10-10,,https://patents.google.com/patent/EP1843514A2/en,https://patentimages.storage.googleapis.com/f5/6c/9a/6a7befcfa93afb/imgf0001.png
US-8275691-B2,Issuing machine and issuing system ,Michihiro Sato,"Michihiro Sato, A. Udaya Shankar",2001-09-03,2010-06-07,2012-09-25,2012-09-25,https://patents.google.com/patent/US8275691B2/en,https://patentimages.storage.googleapis.com/14/81/07/df26ca700fd74a/US08275691-20120925-D00000.png
US-2007135934-A1,Variable specification functional blocks integrated circuit system suitable for detecting resistor identifications ,Lam Peter A,Peter Lam,2001-06-29,2007-02-09,2007-06-14,,https://patents.google.com/patent/US20070135934A1/en,https://patentimages.storage.googleapis.com/da/4f/c9/fa840b83d4658c/US20070135934A1-20070614-D00000.png
AU-2005222560-A1,Authentication apparatus ,"Palaci, Edgardo David",,2004-10-14,2005-10-14,2006-05-04,,https://patents.google.com/patent/AU2005222560A1/en,
US-2006095854-A1,Method and apparatus for content download ,"Funk James M, Steve Shannon","James Funk, Steve Shannon",2004-10-18,2004-10-18,2006-05-04,,https://patents.google.com/patent/US20060095854A1/en,https://patentimages.storage.googleapis.com/ac/8b/d0/7509ffcffcc166/US20060095854A1-20060504-D00000.png
US-8447984-B1,Authentication system and method for operating the same ,"Oracle America, Inc.","Ellen H. Siegel, Dwight F. Hare, Tanjore S. Ravishankar",2004-06-25,2004-06-25,2013-05-21,2013-05-21,https://patents.google.com/patent/US8447984B1/en,https://patentimages.storage.googleapis.com/2d/00/60/93bbdc1d675bbd/US08447984-20130521-D00000.png
WO-2005093670-A1,"Method, system and object for the identification of an individual ",Genonyme Gmbh,"Uwe Bicker, Matthias Pfeiffer, Deborah Allen",2004-03-26,2005-03-24,2005-10-06,,https://patents.google.com/patent/WO2005093670A1/en,
CN-100365981-C,A charging method based on WLAN authentication and privacy infrastructure certificate ,华为技术有限公司,"尹瀚, 刘淑玲, 冯凯锋, 刘廷永",2004-05-17,2004-05-17,2008-01-30,2008-01-30,https://patents.google.com/patent/CN100365981C/en,https://patentimages.storage.googleapis.com/ce/2f/17/11445a3aebbb92/C20041004231400091.png
US-2006064468-A1,Web services interface and object access framework ,"Brown K R, Kempf David C, Gentry William H","K. Brown, David Kempf, William Gentry",2004-09-20,2004-09-20,2006-03-23,,https://patents.google.com/patent/US20060064468A1/en,https://patentimages.storage.googleapis.com/fb/b5/94/0f0e0ec61e8652/US20060064468A1-20060323-D00000.png
KR-101110928-B1,Method and system for operating a computer network which is intended for content publishing ,에스떼제 엥떼락티브,"알렉시스 타마, 아마우리 그림베르트",2004-01-14,2005-01-13,2012-02-17,2012-02-17,https://patents.google.com/patent/KR101110928B1/en,https://patentimages.storage.googleapis.com/00/62/59/f0f53aa24121c9/112006051654966-pct00001.png
KR-20060068514-A,System for providing information using open application program interface and method of the same ,한국전자통신연구원,"이용주, 박유미, 성기순, 최진영, 최영일, 이병선, 전경표",2004-12-16,2004-12-16,2006-06-21,,https://patents.google.com/patent/KR20060068514A/en,https://patentimages.storage.googleapis.com/9a/c0/c5/8860a787e08432/112004059458346-PAT00001.png
CN-1700636-A,Method of applying certificate for wireless LAN mobile terminal and certificate management system ,华为技术有限公司,"冯凯锋, 刘廷永",2004-05-21,2004-05-21,2005-11-23,,https://patents.google.com/patent/CN1700636A/en,https://patentimages.storage.googleapis.com/aa/a0/2e/dc2575a593f060/A20041004246500112.png
CN-1788277-A,Multi-modal warehouse applications ,Sap股份公司,"萨米尔·雷亚尼, 翁捷, 龚立, 克里斯托弗·莱斯莫尔曼, 乔丹·安德森, 韦·奥尔, 朱－凯·克维克, 约翰·汉利",2003-03-14,2004-03-12,2006-06-14,,https://patents.google.com/patent/CN1788277A/en,https://patentimages.storage.googleapis.com/9a/a0/77/bb310bf9d63058/A20048001296200911.png
EP-1606748-A2,Multi-modal warehouse applications ,Sap Ag,"Samir Raiyani, Jie Weng, Li Gong, Christoph Lessmoellmann, Jordan Anderson, Wai Or, Ju-Kay Kwek, John Hanley",2003-03-14,2004-03-12,2005-12-21,,https://patents.google.com/patent/EP1606748A2/en,
CN-1697386-A,Method of charging base on infrastructure architecture of authentication and security in WLAN ,华为技术有限公司,"刘淑玲, 刘廷永, 尹瀚, 冯凯锋",2004-05-14,2004-05-14,2005-11-16,,https://patents.google.com/patent/CN1697386A/en,https://patentimages.storage.googleapis.com/c2/1e/2c/027e78a3c5794c/A20041004423500121.png
KR-20060070293-A,System for selling lottery by online using open service platform and method of the same ,한국전자통신연구원,"최진영, 성기순, 이용주, 박유미, 최영일, 이병선",2004-12-20,2004-12-20,2006-06-23,,https://patents.google.com/patent/KR20060070293A/en,https://patentimages.storage.googleapis.com/f8/e3/b3/bd695ff020ad7e/112004060092410-PAT00001.png
KR-20060070305-A,System form providing ticket subscription service using open api ,한국전자통신연구원,"박유미, 성기순, 최진영, 이용주, 최영일, 이병선",2004-12-20,2004-12-20,2006-06-23,,https://patents.google.com/patent/KR20060070305A/en,https://patentimages.storage.googleapis.com/20/61/c5/bece1474eea1bd/112004060104188-PAT00001.png
KR-20060068554-A,System form providing ticket subscription service using open api on a wap framework ,한국전자통신연구원,"박유미, 김기범, 성기순, 이용주, 최진영, 최영일, 이병선",2004-12-16,2004-12-16,2006-06-21,,https://patents.google.com/patent/KR20060068554A/en,https://patentimages.storage.googleapis.com/25/fc/94/620fe131b43385/112004059468987-PAT00001.png
RU-2258256-C2,System and method for forming digital signature using an atm ,"Дайболд, Инкорпорейтед","Кристофер Л. ПАРМЕЛИ (US), Кристофер Л. ПАРМЕЛИ, Марк Д. СМИТ (US), Марк Д. СМИТ",2001-03-07,2002-03-06,2005-08-10,2005-08-10,https://patents.google.com/patent/RU2258256C2/en,https://patentimages.storage.googleapis.com/77/9f/05/a26e36902ed3b5/00000002.png
US-6986061-B1,Integrated system for network layer security and fine-grained identity-based access control ,International Business Machines Corporation,Charles A. Kunzinger,2000-11-20,2000-11-20,2006-01-10,2006-01-10,https://patents.google.com/patent/US6986061B1/en,https://patentimages.storage.googleapis.com/6b/21/9a/3d56980340c14c/US06986061-20060110-D00000.png
US-7356837-B2,Centralized identification and authentication system and method ,"Nader Asghari-Kamrani, Kamran Asghari-Kamrani","Nader Asghari-Kamrani, Kamran Asghari-Kamrani",2001-08-29,2001-08-29,2008-04-08,2008-04-08,https://patents.google.com/patent/US7356837B2/en,https://patentimages.storage.googleapis.com/38/6b/65/c23506e4fe36c4/US07356837-20080408-D00000.png
US-6826546-B1,Method and system for licensing a copy of a copyright protected work ,"Ideaflood, Inc.",Gary Stephen Shuster,2000-08-17,2000-10-26,2004-11-30,2004-11-30,https://patents.google.com/patent/US6826546B1/en,https://patentimages.storage.googleapis.com/08/fc/20/6731af4f9eef4d/US06826546-20041130-D00000.png
US-7333001-B2,Secure personal RFID documents and method of use ,"Kathleen Lane, William Lane, Roger Stewart","Kathleen Lane, William Lane, Roger Stewart",2002-11-23,2003-12-09,2008-02-19,2008-02-19,https://patents.google.com/patent/US7333001B2/en,https://patentimages.storage.googleapis.com/e7/01/b7/1adee005ace08f/US07333001-20080219-D00000.png
US-7170391-B2,Birth and other legal documents having an RFID device and method of use for certification and authentication ,"Kathleen Lane, Lane Iii William H","Kathleen Lane, William H Lane, III",2002-11-23,2003-06-07,2007-01-30,2007-01-30,https://patents.google.com/patent/US7170391B2/en,https://patentimages.storage.googleapis.com/66/58/c3/397b24149b5542/US07170391-20070130-D00000.png
RU-2273107-C2,"Method, system and computer device for providing communication services between resources in communication networks and internet to perform transactions ","Закрытое акционерное общество ""ПлатоФон""","Олег Александрович Серебренников (RU), Олег Александрович Серебренников",2001-10-24,2002-10-23,2006-03-27,2006-03-27,https://patents.google.com/patent/RU2273107C2/en,https://patentimages.storage.googleapis.com/86/71/d1/ce8646ca526710/00000004.png
US-7283904-B2,Multi-sensor fusion ,"Airbiquity, Inc.","Mitchell A. Benjamin, Harris O. Hinnant, Thomas T. Shigeno, David N. Olmstead",2001-10-17,2001-10-17,2007-10-16,2007-10-16,https://patents.google.com/patent/US7283904B2/en,https://patentimages.storage.googleapis.com/b5/2d/8d/0f23fdfe513ecf/US07283904-20071016-D00000.png
US-7083090-B2,Remote portable and universal smartcard authentication and authorization device ,Patrick Zuili,Patrick Zuili,2002-08-09,2002-08-09,2006-08-01,2006-08-01,https://patents.google.com/patent/US7083090B2/en,https://patentimages.storage.googleapis.com/a8/f5/a1/934860295c3a3e/US07083090-20060801-D00000.png
EP-1394982-B1,Methods and apparatus for secure data communication links ,Kabushiki Kaisha Toshiba,"Georgios Kalogridis, Gary Clemo, Chan Yeob Yeun",2002-08-30,2003-08-29,2006-10-11,2006-10-11,https://patents.google.com/patent/EP1394982B1/en,https://patentimages.storage.googleapis.com/df/48/c2/88a83f4a6f2800/imgf0001.png
US-7673329-B2,Method and apparatus for encrypted communications to a secure server ,Symantec Corporation,"Stephen Dao Hui Hsu, James Noshir Hormuzdiar",2000-05-26,2001-02-22,2010-03-02,2010-03-02,https://patents.google.com/patent/US7673329B2/en,https://patentimages.storage.googleapis.com/e9/d3/f4/4afff45ed7421f/US07673329-20100302-D00000.png
US-7840813-B2,"Method and system with authentication, revocable anonymity and non-repudiation ",France Telecom,"Sébastien Canard, Stéphane Guilloteau, Eric Malville, Jacques Traore",2002-11-14,2003-11-14,2010-11-23,2010-11-23,https://patents.google.com/patent/US7840813B2/en,https://patentimages.storage.googleapis.com/7c/99/b4/65a384a37526d5/US07840813-20101123-D00000.png
US-6931529-B2,"Establishing consistent, end-to-end protection for a user datagram ",International Business Machines Corporation,Charles A. Kunzinger,2001-01-05,2001-01-05,2005-08-16,2005-08-16,https://patents.google.com/patent/US6931529B2/en,https://patentimages.storage.googleapis.com/77/b5/c3/c03dcc29001542/US06931529-20050816-D00000.png
US-6901304-B2,Item tracking system architectures providing real-time visibility to supply chain ,Sap Aktiengesellschaft,"Richard J. Swan, Peter S. Ebert, Tao Lin, Jie Weng, Hartmut K. Vogler, Brian S. Mo",2002-01-11,2002-08-30,2005-05-31,2005-05-31,https://patents.google.com/patent/US6901304B2/en,https://patentimages.storage.googleapis.com/3f/7f/9e/9ada77053bc187/US06901304-20050531-D00000.png
US-7603291-B2,Multi-modal sales applications ,Sap Aktiengesellschaft,"Samir Raiyani, Jie Weng, Li Gong, Jordan Anderson, Wai Or, Ju-Kay Kwek, John Hanley",2003-03-14,2003-12-23,2009-10-13,2009-10-13,https://patents.google.com/patent/US7603291B2/en,https://patentimages.storage.googleapis.com/d2/ab/36/5f1bf22d29ea4c/US07603291-20091013-D00000.png
US-7025675-B2,Video game characters having evolving traits ,"Digenetics, Inc.","David B. Fogel, Timothy J. Hays, Douglas R. Johnson, Thomas P. Lang, Jr.",2000-12-26,2003-08-29,2006-04-11,2006-04-11,https://patents.google.com/patent/US7025675B2/en,https://patentimages.storage.googleapis.com/1c/db/d6/3b988983450648/US07025675-20060411-D00000.png
EP-1233593-A2,Digital credential monitoring ,Hewlett-Packard Company,"Marco Casassa-Mont, Richard Brown",2001-02-20,2002-02-19,2002-08-21,,https://patents.google.com/patent/EP1233593A2/en,https://patentimages.storage.googleapis.com/de/f7/60/8faee9887e681a/00280001.png
US-2004205243-A1,System and a method for managing digital identities ,"Hans Hurvig, Nikolaj Nyholm","Hans Hurvig, Nikolaj Nyholm",2001-03-09,2002-03-06,2004-10-14,,https://patents.google.com/patent/US20040205243A1/en,https://patentimages.storage.googleapis.com/da/5b/e5/3338c8f255dbdb/US20040205243A1-20041014-D00000.png
US-2003115475-A1,Biometrically enhanced digital certificates and system and method for making and using ,"Russo Anthony P., Howell Mark J., Thorsten Roske, Mccoy Peter A.","Anthony Russo, Mark Howell, Thorsten Roske, Peter McCoy",2001-07-12,2002-07-12,2003-06-19,,https://patents.google.com/patent/US20030115475A1/en,https://patentimages.storage.googleapis.com/56/5f/81/b1d94422868a1e/US20030115475A1-20030619-D00000.png
CN-100432953-C,System and method for secure and convenient management of digital electronic content ,摩托罗拉公司,"托马斯·S·梅瑟吉斯, 伊扎特·A·达比施, 拉里·普尔, 迪安·沃格勒",2001-04-18,2002-03-12,2008-11-12,2008-11-12,https://patents.google.com/patent/CN100432953C/en,https://patentimages.storage.googleapis.com/f2/be/f3/edb1152f70cc87/C0280849200211.png
US-2003131232-A1,Directory-based secure communities ,"Fraser John D., Palmer Peter L., Hallgren Jeffry H.","John Fraser, Peter Palmer, Jeffry Hallgren",2001-11-28,2002-11-27,2003-07-10,,https://patents.google.com/patent/US20030131232A1/en,https://patentimages.storage.googleapis.com/21/38/85/a789d610d099d7/US20030131232A1-20030710-D00000.png
DE-60132252-T2,An information management system ,Orchestria Ltd.,Peter Bryan Malcolm,2000-11-08,2001-11-08,2009-01-15,2009-01-15,https://patents.google.com/patent/DE60132252T2/en,
EP-1352534-B1,A method of invoking privacy ,Nokia Corporation,"Jan Kall, Ahti Muhonen, Michael Mulligan",2001-01-04,2001-04-09,2006-11-08,2006-11-08,https://patents.google.com/patent/EP1352534B1/en,https://patentimages.storage.googleapis.com/eb/0b/67/7a6e7b334c6a97/imgf0001.png
US-7979698-B2,Apparatus and method for proving authenticity with personal characteristics ,"Hewlett-Packard Development Company, L.P.",Joseph D. Wong,2003-02-19,2003-02-19,2011-07-12,2011-07-12,https://patents.google.com/patent/US7979698B2/en,https://patentimages.storage.googleapis.com/47/b1/20/c825dc3c0d8744/US07979698-20110712-D00000.png
US-2002053076-A1,Buyer-driven targeting of purchasing entities ,Mark Landesmann,Mark Landesmann,2000-10-30,2001-04-19,2002-05-02,,https://patents.google.com/patent/US20020053076A1/en,https://patentimages.storage.googleapis.com/14/2a/ef/3159ab5d383fc5/US20020053076A1-20020502-D00000.png
US-2003208412-A1,Method and system facilitating transactions between consumers and service providers ,"Hillestad Willam E., Hills Charles F, Ritzema Richard J, Shields Daniel P","Willam Hillestad, Charles Hills, Richard Ritzema, Daniel Shields",2001-09-28,2001-09-28,2003-11-06,,https://patents.google.com/patent/US20030208412A1/en,https://patentimages.storage.googleapis.com/7e/d0/3d/dd0bbacc0526ca/US20030208412A1-20031106-D00000.png
US-2003158776-A1,Buyer-driven targeting of purchasing entities ,Mark Landesmann,Mark Landesmann,2000-10-30,2001-01-12,2003-08-21,,https://patents.google.com/patent/US20030158776A1/en,https://patentimages.storage.googleapis.com/e2/94/95/2b24b677a38315/US20030158776A1-20030821-D00000.png
US-7290138-B2,Credentials and digitally signed objects ,Microsoft Corporation,"Trevor W. Freeman, John J. Lambert",2003-02-19,2003-02-19,2007-10-30,2007-10-30,https://patents.google.com/patent/US7290138B2/en,https://patentimages.storage.googleapis.com/2b/66/b9/ca937aa48af638/US07290138-20071030-D00000.png
US-2004030887-A1,System and method for providing secure communications between clients and service providers ,"Harrisville-Wolff Carol L., Demoff Jeff S., Wolff Alan S.","Carol Harrisville-Wolff, Jeff Demoff, Alan Wolff",2002-08-07,2002-08-07,2004-02-12,,https://patents.google.com/patent/US20040030887A1/en,https://patentimages.storage.googleapis.com/36/2e/67/85a7cefc94f326/US20040030887A1-20040212-D00000.png
RU-2376635-C2,Method and system for carrying out transactions in network using network identifiers ,"Закрытое акционерное общество ""МедиаЛингва""","Олег Александрович Серебренников (RU), Олег Александрович Серебренников",2002-10-23,2003-10-23,2009-12-20,2009-12-20,https://patents.google.com/patent/RU2376635C2/en,https://patentimages.storage.googleapis.com/bb/47/e4/de24cedd96990e/00000003.png
GB-2372413-A,Digital credential exchange ,Hewlett Packard Co,"Mont Marco Casassa, Richard Brown",2001-02-20,2001-02-20,2002-08-21,,https://patents.google.com/patent/GB2372413A/en,
NZ-521555-A,Transaction method involving authenticating an digital object such as an image or audio file and applying at least one authentication code to the digital object ,Auckland Uniservices Ltd,Clark Thomborson,2002-09-24,2002-09-24,2005-05-27,,https://patents.google.com/patent/NZ521555A/en,
US-6907029-B2,Remote control system ,Tord Brabrand,Tord Brabrand,2001-03-29,2002-03-29,2005-06-14,2005-06-14,https://patents.google.com/patent/US6907029B2/en,https://patentimages.storage.googleapis.com/63/a6/98/0be8dfea35edf1/US06907029-20050614-D00000.png
WO-2005029890-A1,Pocket digital wireless device for the personal information management and for the authentication of the communication and the information exchange with other digital devices ,Innova S.R.L.,Michele Navazio,2003-09-19,2003-09-19,2005-03-31,,https://patents.google.com/patent/WO2005029890A1/en,
CN-1186741-C,Interactive multifunctional digital token ,中国科学院计算技术研究所,"陈明宇, 赵晓芳, 胡春光",2002-08-19,2002-08-19,2005-01-26,2005-01-26,https://patents.google.com/patent/CN1186741C/en,https://patentimages.storage.googleapis.com/16/ec/98/75f2c59d8c27ae/C0213043500082.png
US-2002032853-A1,Secure dynamic link allocation system for mobile data communication ,"Preston Dan A., R. Pierce Lutter, Benjamin Mitch A., Olson Tracey J., Hinnant Harris O.","Dan Preston, R. Pierce Lutter, Mitch Benjamin, Tracey Olson, Harris Hinnant",2000-04-17,2001-04-17,2002-03-14,,https://patents.google.com/patent/US20020032853A1/en,https://patentimages.storage.googleapis.com/d3/d7/10/3cae896a1d571a/US20020032853A1-20020314-D00000.png
US-2003028621-A1,"Presence, location and availability communication system and method ","Evolving Systems, Incorporated","Patrick Furlong, Michelle Fawcett, Kevin Kershaw, Bradley Schuler",2001-05-23,2002-05-13,2003-02-06,,https://patents.google.com/patent/US20030028621A1/en,https://patentimages.storage.googleapis.com/2f/67/7e/6faed95b5ff497/US20030028621A1-20030206-D00000.png
US-2003210789-A1,Data transmission links ,Kabushiki Kaisha Toshiba,"Timothy Farnham, Chan Yeun",2002-01-17,2003-01-16,2003-11-13,,https://patents.google.com/patent/US20030210789A1/en,https://patentimages.storage.googleapis.com/55/ef/89/e4930ce363dced/US20030210789A1-20031113-D00000.png
WO-03007527-A2,Biometrically enhanced digital certificates and system and method for making and using ,"I-Control Security, Inc.","Thorsten RÖSKE, Anthony P. Russo, Mark Howell",2001-07-12,2002-07-12,2003-01-23,,https://patents.google.com/patent/WO2003007527A2/en,
AU-4064702-A,Digital signature process and system ,Covadis Sa,Herve Hillion,2001-05-15,2002-05-15,2002-11-21,,https://patents.google.com/patent/AU4064702A/en,
US-7240194-B2,Systems and methods for distributing trusted certification authorities ,Microsoft Corporation,"Philip J. Hallin, John J. Lambert, Klaus U. Schutz, Sunil Pai",2002-03-22,2002-03-22,2007-07-03,2007-07-03,https://patents.google.com/patent/US7240194B2/en,https://patentimages.storage.googleapis.com/23/27/73/b1e7c6e58e88ab/US07240194-20070703-D00000.png
WO-2004023709-A1,"Method of digital certificate (dc) composition, issuance and management providing multitier dc distribution model and multiple accounts access based on the use of dc and public key infrastructure (pki) ",Medialingua Group,Oleg Serebrennikov,2002-09-04,2003-04-16,2004-03-18,,https://patents.google.com/patent/WO2004023709A1/en,
WO-2004038528-A2,"Method of digital certificate (dc) composition, issuance and management providing multitier dc distribution model and multiple accounts access based on the use of dc and public key infrastructure (pki) ",Medialingua Group,Oleg Serebrennikov,2002-10-23,2003-10-23,2004-05-06,,https://patents.google.com/patent/WO2004038528A2/en,
CN-1165189-C,Method for debugging and testing mobile communication device software in safety environment ,摩托罗拉公司,"�ּͺ�, 林纪涵, L, 罗伯特L·盖格, C, 亚历克斯C·王,  , 桑贾伊·旺初, 艾伦W·陈, ��R��ʷ��˹, 罗纳德R·史密斯",2000-12-20,2001-12-20,2004-09-01,2004-09-01,https://patents.google.com/patent/CN1165189C/en,https://patentimages.storage.googleapis.com/1c/39/8f/ed388d6794359c/C0114390400131.png
ES-2250377-T3,SMALL ORGANIC MOLECULES REGULATING THE CELL PROLIFERATION. ,"Curis, Inc.","Anthony David Baxter, Edward Andrew Boyd, Oivin M. Guicherit, Jeffrey Porter, Stephen Price, Lee E. Rubin, Maria Frank-Kamenetsky",2000-03-30,2001-03-30,2010-03-29,2010-03-29,https://patents.google.com/patent/ES2250377T3/en,
WO-03075180-A2,Content bank for objects ,Accenture Global Services Gmbh,"Baiju Shah, Ryan C. Horner",2002-03-04,2003-03-04,2003-09-12,,https://patents.google.com/patent/WO2003075180A2/en,
CN-1457987-A,Making and identification method for digital water mark certificate with biological information characteristic ,哈尔滨工业大学,牛夏牧,2003-06-06,2003-06-06,2003-11-26,,https://patents.google.com/patent/CN1457987A/en,https://patentimages.storage.googleapis.com/ad/d1/e8/5e360638c14529/A0313242400071.png
EP-1548667-A1,Memory card for storing digital data content and method for handling the digital data content ,T-Mobile International AG & CO. KG,Nikesh Arora,2003-12-24,2003-12-24,2005-06-29,,https://patents.google.com/patent/EP1548667A1/en,https://patentimages.storage.googleapis.com/a0/c6/6b/22152cdac5b31d/00090001.png
US-2005008999-A1,System for determining the identity and sequence of an arbitrary number of modules ,"Bill Goodman Consulting, Llc, Right Brain Electronics, Llc, Bopscotch, Llc","Jonathan Blossom, Kent Suzuki",2003-07-10,2003-07-10,2005-01-13,,https://patents.google.com/patent/US20050008999A1/en,https://patentimages.storage.googleapis.com/55/6e/48/b3c5099af8f037/US20050008999A1-20050113-D00000.png
CN-1224925-C,Method of digit identity authentication based on features of non-biophysics ,林建春,林建春,2003-06-20,2003-06-20,2005-10-26,2005-10-26,https://patents.google.com/patent/CN1224925C/en,https://patentimages.storage.googleapis.com/ca/a2/a1/0ee8bce93e0b83/C0313525600111.png
EP-1215613-A1,A digital molecular integrator ,James J. Dr. La Clair,James J. Dr. La Clair,2000-12-15,2000-12-15,2002-06-19,,https://patents.google.com/patent/EP1215613A1/en,https://patentimages.storage.googleapis.com/77/87/54/cacc116f17caa1/00140001.png
WO-2005036854-A1,"Method, system and computer program for managing usage of digital contents. ",Telecom Italia S.P.A.,"Massimo Balestri, Giovanni Cordara, Stefano Dal Lago, Barbara Silano",2003-10-14,2003-10-14,2005-04-21,,https://patents.google.com/patent/WO2005036854A1/en,
TW-474080-B,Secure management of electronic documents in a networked environment ,Critical Path Inc,"M Michael Serbinis, Sumit Oberai, Daniel Leibu",2000-01-14,2000-04-19,2002-01-21,2002-01-21,https://patents.google.com/patent/TW474080B/en,
US-2003004897-A1,Method and system for communicating user specific information ,Smith James E.,James Smith,2001-06-27,2001-10-23,2003-01-02,,https://patents.google.com/patent/US20030004897A1/en,https://patentimages.storage.googleapis.com/46/50/7c/cf5bb2fdcfd81b/US20030004897A1-20030102-D00000.png
US-2002082077-A1,Interactive video game system with characters that evolve physical and cognitive traits ,"Johnson Douglas R., Fogel David B., Hays Timothy J., Lang Thomas P.","Douglas Johnson, David Fogel, Timothy Hays, Thomas Lang",2000-12-26,2000-12-26,2002-06-27,,https://patents.google.com/patent/US20020082077A1/en,https://patentimages.storage.googleapis.com/66/45/0c/be7955be498501/US20020082077A1-20020627-D00000.png
US-2004181467-A1,Multi-modal warehouse applications ,"Samir Raiyani, Jie Weng, Li Gong, Christoph Lessmoellmann","Samir Raiyani, Jie Weng, Li Gong, Christoph Lessmoellmann",2003-03-14,2003-12-23,2004-09-16,,https://patents.google.com/patent/US20040181467A1/en,https://patentimages.storage.googleapis.com/ad/cd/0d/66441a1426b481/US20040181467A1-20040916-D00000.png
EP-1417599-A2,Methods and apparatus for processing data in a content network ,Accenture LLP,"Sanjay Mathur, Baiju Shah, J. C. Groon",2001-03-26,2002-03-26,2004-05-12,,https://patents.google.com/patent/EP1417599A2/en,
EP-1924021-A2,Signature schemes using bilinear mappings ,NTT DoCoMo Inc.,Craig Gentry,2002-04-15,2003-04-15,2008-05-21,,https://patents.google.com/patent/EP1924021A2/en,https://patentimages.storage.googleapis.com/40/53/a4/bc40369b112dd0/imgf0001.png
WO-03046748-A1,Directory-based secure network communities using bridging services ,"Visionshare, Inc.","John D. Fraser, Peter L. Palmer, Jeffry H. Hallgren",2001-11-28,2002-11-27,2003-06-05,,https://patents.google.com/patent/WO2003046748A1/en,
GB-2366968-A,Digital certificate authentication and/or revocation ,Intensiti Technologies Plc,Frankie Blaskovic,2000-09-11,2000-09-11,2002-03-20,,https://patents.google.com/patent/GB2366968A/en,
TW-I241106-B,Personal authentication device and system and method thereof ,"Hsiang-Tsung Kung, Ind Tech Res Inst",Hsiang-Tsung Kung,2003-05-23,2004-01-02,2005-10-01,2005-10-01,https://patents.google.com/patent/TWI241106B/en,
GB-2394585-A,Apparatus for preventing loss of personal valuables ,Tariq Belkadi,Tariq Belkadi,2002-10-26,2002-10-26,2004-04-28,,https://patents.google.com/patent/GB2394585A/en,
KR-20040097137-A,Networked Services Licensing System and Method ,콘텐트가드 홀딩즈 인코포레이티드,"라오귈러모, 햄마누엘, 첸에디제이., 데마티니토마스, 길리암찰스피., 랄리마이클, 타다연비잔, 왕진",2002-02-27,2003-02-27,2004-11-17,,https://patents.google.com/patent/KR20040097137A/en,
WO-0231727-A1,Method and system for facilitating transactions between consumers and service providers ,"Creditminders, Inc.","William E. Hillestad, Charles F. Hills, Jr., Richard J. Ritzema, Daniel P. Shields",2000-10-09,2001-09-28,2002-04-18,,https://patents.google.com/patent/WO2002031727A1/en,
US-2003223586-A1,Method and system for secure communications over a communications network ,"Edward Green, Aram Perez, Dennis Sears","Edward Green, Aram Perez, Dennis Sears",2002-05-30,2002-08-19,2003-12-04,,https://patents.google.com/patent/US20030223586A1/en,https://patentimages.storage.googleapis.com/db/11/ac/8a5e580a1ded00/US20030223586A1-20031204-D00000.png
US-7158623-B1,Method and apparatus for dial stream analysis ,Verizon Data Services Inc.,"Alin D'Silva, Shaygan Kheradpir",2001-02-27,2002-02-27,2007-01-02,2007-01-02,https://patents.google.com/patent/US7158623B1/en,https://patentimages.storage.googleapis.com/eb/09/03/0ad44a8bb16dbc/US07158623-20070102-D00000.png
CN-1427609-A,Nonrecurring countersign and business confirmation method ,西北工业大学,陈旿,2001-12-20,2001-12-20,2003-07-02,,https://patents.google.com/patent/CN1427609A/en,
US-10307680-B1,On-demand rich media content distribution responsive to on-line gamer position and status ,"At&T Intellectual Property Ii, Lp","Joseph B. Weinman, Jr.",2004-11-08,2005-09-28,2019-06-04,2019-06-04,https://patents.google.com/patent/US10307680B1/en,https://patentimages.storage.googleapis.com/72/f3/79/cb71d4f91cf44d/US10307680-20190604-D00000.png
WO-02054210-A1,Methods and apparatus for secure authentication and sensitive data management ,"Guardone.Com, Inc.","Mike N. Gurevich, Vit Kantor",2000-12-29,2001-01-02,2002-07-11,,https://patents.google.com/patent/WO2002054210A1/en,
WO-0201522-A1,Computer keyboard unit for carrying out secure transactions in a communications network ,Covadis S.A.,Hervé Hillion,2000-06-26,2001-05-21,2002-01-03,,https://patents.google.com/patent/WO2002001522A1/en,
CA-2447704-A1,Method and device for transmitting an electronic message ,"Veridis, Olivier Merenne, Sebastien Lemmens","Olivier Merenne, Sebastien Lemmens",2001-05-15,2002-05-15,2002-11-21,,https://patents.google.com/patent/CA2447704A1/en,
US-2004015432-A1,Business method for creating and managing multilateral contractual relationships electronically and on a large scale ,Lewis Harry D.,Harry Lewis,2002-07-19,2003-07-15,2004-01-22,,https://patents.google.com/patent/US20040015432A1/en,https://patentimages.storage.googleapis.com/01/f6/58/da327289770759/US20040015432A1-20040122-D00000.png
AU-2001248198-A1,A method and system for a virtual safe ,Cyberun Inc.,Branko Sarcanin,2000-04-14,2001-04-17,2002-01-17,,https://patents.google.com/patent/AU2001248198A1/en,
US-2003187537-A1,Installation for processing a semiconductor wafer and method for operating the installation ,"Christoph Hocke, Michael Lering, Gregor Kubart","Christoph Hocke, Michael Lering, Gregor Kubart",2002-03-27,2003-03-27,2003-10-02,,https://patents.google.com/patent/US20030187537A1/en,https://patentimages.storage.googleapis.com/d9/39/15/9d6a1c797a3b8b/US20030187537A1-20031002-D00000.png
US-2003135731-A1,CA in a card ,"Elad Barkan, Nir Barkan","Elad Barkan, Nir Barkan",2002-01-17,2002-01-17,2003-07-17,,https://patents.google.com/patent/US20030135731A1/en,https://patentimages.storage.googleapis.com/04/f1/98/30b4d5049fc494/US20030135731A1-20030717-D00000.png
TW-200421815-A,"Methods, apparatus and computer programs for generating and/or using conditional electronic signatures and/or for reporting status changes ",Ibm,"John Owlett, George Thompson, Keith A Walton",2002-12-21,2003-11-11,2004-10-16,,https://patents.google.com/patent/TW200421815A/en,
WO-2004049143-A1,"Method, system and apparatus for registration, approval and certification of extranet users ",Koninklijke Philips Electronics N.V.,"Jim Sekinger, Myrna Gonzalez, Justin Kurt, Paul Gadbois",2002-11-26,2003-11-18,2004-06-10,,https://patents.google.com/patent/WO2004049143A1/en,
US-2003234914-A1,Autostereoscopic performance wand display system ,Solomon Dennis J.,Dennis Solomon,2000-06-16,2003-03-10,2003-12-25,,https://patents.google.com/patent/US20030234914A1/en,https://patentimages.storage.googleapis.com/64/13/ba/e6315bc7933fc0/US20030234914A1-20031225-D00000.png
WO-0223367-A1,Smart device facilitating computer network interaction ,Gemplus,"Scott J. Azzolina, Joseph P. Murray, Steven A. Landau, John J. Ring, Thomas D. Howard, Gilles Lisimaque",2000-09-14,2001-09-14,2002-03-21,,https://patents.google.com/patent/WO2002023367A1/en,
AU-2002227321-A1,Global electronic trading system ,"Scale Semiconductor Flg, L.L.C.","Nathan D. Bronson, Arman Glodjo, Scott E. Harrington",2000-11-17,2001-11-08,2002-08-01,,https://patents.google.com/patent/AU2002227321A1/en,
ES-2257931-B1,SYSTEM FOR INDIVIDUAL CONTROL OF SAMPLES WITH MONITOR DEVICE AND DATA MEMORIZER. ,Jose Daniel Martin Catoira,"Jose Daniel Martin Catoira, Affonso Feijo Da Costa Ribeiro",2004-08-09,2004-08-09,2007-07-16,2007-07-16,https://patents.google.com/patent/ES2257931B1/en,
US-2002118147-A1,Simplified performance wand display system ,Solomon Dennis J.,Dennis Solomon,2000-06-16,2001-02-24,2002-08-29,,https://patents.google.com/patent/US20020118147A1/en,https://patentimages.storage.googleapis.com/fb/ea/9b/b89f442fd39345/US20020118147A1-20020829-D00000.png
AU-2003210490-B2,Context-aware and real-time item tracking system architecture and scenarios ,Sap Aktiengesellschaft,"Peter S. Ebert, Stephan Haller, Tao Lin, Brian S. Mo, Richard J. Swan, Hartmut K. Volger, Jie Weng",2002-01-11,2003-01-11,2008-07-10,2008-07-10,https://patents.google.com/patent/AU2003210490B2/en,
TH-62524-A,Identification of information contained in digital video recorders. ,"นายโรจน์วิทย์ เปเรร่า, นายธเนศ เปเรร่า, นางดารานีย์ วัจนะวุฒิวงศ์, นางสาวสนธยา สังขพงศ์","ซี. แองเกิล นายโจเซฟ, โอดูโตลา นายอาคินเยมี",,2003-04-28,2004-06-16,,https://patents.google.com/patent/TH62524A/en,
TH-36221-B,Identification of information contained in digital video recorders. ,"นางดารานีย์ วัจนะวุฒิวงศ์, นางสาวสนธยา สังขพงศ์, นายโรจน์วิทย์ เปเรร่า, นายโรจน์วิทย์ เปเรร่า นายธเนศ เปเรร่า นางดารานีย์ วัจนะวุฒิวงศ์ นางสาวสนธยา สังขพงศ์, นายธเนศ เปเรร่า","ซี แองเกิล นายโจเซฟ, โอดูโตลา นายอาคินเยมี",,2003-04-28,2013-07-24,,https://patents.google.com/patent/TH36221B/en,
RU-2002105505-A,"The method of conducting transactions, a computerized method of protecting a network server, a transaction system, an electronic wallet client, an electronic wallet server, a computerized method of online shopping (options) and a computerized access control method ","Американ Экспресс Тревл Рилейтед Сервисиз Компани, Инк.","Рассел БЕННЕТ, Фред БИШОП, Эллиот ГЛЕЙЗЕР, Зиг ГОРГОЛ, Майкл Джонсон, Дэвид ДЖОНСТОУН, Уолтер Д. ЛЕЙК, Коби РОЙЭР, Ник СВИФТ, Марвин СИМКИН, Дерк УАЙТ, Уильям Г. ХОЛ",,2000-08-30,2003-09-10,,https://patents.google.com/patent/RU2002105505A/en,
ES-2274229-T3,METHOD AND APPLIANCES FOR THE SUPPLY OF DATA ACCESS. ,Telefonaktiebolaget Lm Ericsson (Publ),"Axel Busboom, Silke Holtmanns, Raphael Quinet, Marko Schuba",2003-04-04,2003-04-04,2007-05-16,2007-05-16,https://patents.google.com/patent/ES2274229T3/en,
WO-02089076-A2,A transaction and logistics integrated management system (talisman) for secure credit card payment and verified transaction delivery ,"Cqr Technologies Limited, BOURNAT, Joseph",Michael C. Bournat,2000-12-22,2001-12-23,2002-11-07,,https://patents.google.com/patent/WO2002089076A2/en,
US-7025255-B1,Application service provider and automated transaction machine system and method ,"Diebold, Incorporated","Jay Paul Drummond, Dale A. Blackson, Mark D. Smith",2002-02-04,2003-02-03,2006-04-11,2006-04-11,https://patents.google.com/patent/US7025255B1/en,https://patentimages.storage.googleapis.com/f8/5d/02/0fa056a9f333dd/US07025255-20060411-D00000.png
JP-2005515701-A6,Data transmission link ,株式会社東芝,"ファーナム、ティモシー, イエン、チャン・ワイ",2002-01-17,2003-01-17,2005-08-04,,https://patents.google.com/patent/JP2005515701A6/en,https://patentimages.storage.googleapis.com/e7/48/b3/0007184859ec8e/2005515701-5.png
CA-2405847-A1,A method and system for a virtual safe ,"Branko Sarcanin, Cyberun Canada Corp, Cyberun Inc.",Branko Sarcanin,2000-04-14,2001-04-17,2001-10-25,,https://patents.google.com/patent/CA2405847A1/en,
US-2004236965-A1,System for cryptographical authentication ,Petri Krohn,Petri Krohn,2003-05-20,2003-08-07,2004-11-25,,https://patents.google.com/patent/US20040236965A1/en,https://patentimages.storage.googleapis.com/78/5d/4c/a611f52568ddae/US20040236965A1-20041125-D00000.png
WO-0177892-A1,"A system to verify, by a click on a prompt for the existence of look-alike websites to a particular website ",Na Vijayashankar,Na Vijayashankar,2000-04-10,2001-04-02,2001-10-18,,https://patents.google.com/patent/WO2001077892A1/en,
EP-1472816-A2,Access system utilizing multiple factor identification and authentication ,"Tecsec, Incorporated","Edward M. Scheidt, Ersin Domangue, Roger Butler, Wai Tsang",2002-01-30,2003-01-30,2004-11-03,,https://patents.google.com/patent/EP1472816A2/en,
WO-02078812-A1,Remote control system ,Brabrand Teknologi Utvikling As,Tord Brabrand,2001-03-29,2002-03-25,2002-10-10,,https://patents.google.com/patent/WO2002078812A1/en,
GB-2407236-A,Diffie-Hellman exchange of a session key ,Toshiba Res Europ Ltd,"Chan Yeob Yeun, Georgios Kalogridis, Gary Clemo",2003-10-17,2003-10-17,2005-04-20,,https://patents.google.com/patent/GB2407236A/en,
WO-03060752-A1,Context-aware and real-time item tracking system architecture and scenarios ,Sap Aktiengesellschaft,"Peter S. Ebert, Richard J. Swan, Tao Lin, Jie Weng, Hartmut K. Volger, Brian S. Mo, Stephan Haller",2002-01-11,2003-01-11,2003-07-24,,https://patents.google.com/patent/WO2003060752A1/en,
GB-2399924-A,Security authorisation system requires wireless communication link between complentary parts ,Milton Thompson,Milton Thompson,2003-03-25,2003-09-24,2004-09-29,,https://patents.google.com/patent/GB2399924A/en,
WO-03040869-A2,User/product authentication and piracy management system ,"Smarte Solutions, Inc.","Balamani S. Vishwanath, Brian D. Mantz",2001-10-16,2002-10-15,2003-05-15,,https://patents.google.com/patent/WO2003040869A2/en,
WO-03033092-A1,Communicatiions system using multiple sensors and data fusion ,"Airbiquity, Inc.","Mitch A. Benjamin, Harris O. Hinnant, Thomas Shigeno, David Olmstead",2001-10-17,2001-10-17,2003-04-24,,https://patents.google.com/patent/WO2003033092A1/en,
US-2003018895-A1,Processes and systems for enabling secure and controlled distribution and use of information ,Morrison Gregg B.,Gregg Morrison,2001-02-02,2001-02-02,2003-01-23,,https://patents.google.com/patent/US20030018895A1/en,https://patentimages.storage.googleapis.com/1d/03/48/c22a2e81dcb860/US20030018895A1-20030123-D00000.png
CN-1394065-A,Electronic pay method for shopping ,赵文忠,赵文忠,2001-06-21,2001-06-21,2003-01-29,,https://patents.google.com/patent/CN1394065A/en,https://patentimages.storage.googleapis.com/1c/d7/b3/70cafb82e6f9bf/A0112949100131.png
WO-03018156-A1,Trading or playing card system ,H-Technologies Limited,Gregory C. Simmons,2001-08-22,2002-08-09,2003-03-06,,https://patents.google.com/patent/WO2003018156A1/en,
DE-10125306-A1,Personal identification card with fingerprint data stored in write-once data carrier ,Bernd Ludewig,Bernd Ludewig,2001-05-16,2001-05-16,2002-01-31,,https://patents.google.com/patent/DE10125306A1/en,
US-2003130960-A1,Bridging service for security validation within enterprises ,"Fraser John D., Palmer Peter L., Hallgren Jeffry H.","John Fraser, Peter Palmer, Jeffry Hallgren",2001-11-28,2002-11-27,2003-07-10,,https://patents.google.com/patent/US20030130960A1/en,https://patentimages.storage.googleapis.com/25/41/25/a469aa2bf20020/US20030130960A1-20030710-D00000.png
WO-0250752-A1,A trading system and card ,Bredesa Pty Ltd,Walter John Adamson,2000-12-21,2001-12-21,2002-06-27,,https://patents.google.com/patent/WO2002050752A1/en,
EP-1267300-A1,Method for fingerprint recognition by colorisation and computer system for carrying out said method ,Sagem S.A.,Luc Bornes,2001-06-13,2002-05-27,2002-12-18,,https://patents.google.com/patent/EP1267300A1/en,https://patentimages.storage.googleapis.com/62/ac/b6/94ca5cb0a601f8/00170001.png
EP-1424647-A1,Method and apparatus for processing escrow transactions ,Richard C. Triola,Richard C. Triola,2000-04-20,2001-04-20,2004-06-02,,https://patents.google.com/patent/EP1424647A1/en,https://patentimages.storage.googleapis.com/c6/66/a3/aa0618f53e281b/00210001.png
AU-2008200299-A1,Method and apparatus for processing escrow transactions ,C. Richard Triola,C. Richard Triola,2000-04-20,2008-01-22,2008-02-14,,https://patents.google.com/patent/AU2008200299A1/en,
AU-2001255581-A1,Method and apparatus for processing escrow transactions ,C. Richard Triola,C. Richard Triola,2000-04-20,2001-04-20,2002-01-24,,https://patents.google.com/patent/AU2001255581A1/en,
US-2002138748-A1,Code checksums for relocatable code ,Hung Andy C.,Andy Hung,2001-03-21,2001-03-21,2002-09-26,,https://patents.google.com/patent/US20020138748A1/en,https://patentimages.storage.googleapis.com/a4/7c/64/30c6fb18a71d1e/US20020138748A1-20020926-D00000.png
CA-2328548-A1,Privacy system ,"Zero-Knowledge Systems Inc., Roger Mcfarlane, Adam Back, Graydon Hoare, Serge Chevarie-Pelletier, Bill Heelan, Christian Paquin, Deniz Sarikaya, Philippe Boucher, Adam Shostack, Ian Goldberg","Roger Mcfarlane, Adam Back, Graydon Hoare, Serge Chevarie-Pelletier, Bill Heelan, Christian Paquin, Deniz Sarikaya, Philippe Boucher, Adam Shostack, Ian Goldberg",2000-12-15,2000-12-15,2002-06-15,,https://patents.google.com/patent/CA2328548A1/en,
JP-2003189074-A,Facsimile communication apparatus ,"Sharp Corp, シャープ株式会社","Akira Nakabayashi, 亮 中林",2001-12-14,2001-12-14,2003-07-04,,https://patents.google.com/patent/JP2003189074A/en,
FR-2808144-A1,Electronic payment system uses preset coupon reduces risk is simple to use ,Michel Paul Bourdin,Michel Paul Bourdin,2000-04-20,2000-04-20,2001-10-26,,https://patents.google.com/patent/FR2808144A1/en,
US-6519610-B1,Distributed reference links for a distributed directory server system ,"Novell, Inc.","Robert Carey Ireland, DeeAnne Barker Higley, Dale Robert Olds, Renea Berry Campbell",2000-09-01,2000-09-01,2003-02-11,2003-02-11,https://patents.google.com/patent/US6519610B1/en,https://patentimages.storage.googleapis.com/99/0d/2b/72b8f533a29493/US06519610-20030211-D00000.png
JP-2005505051-A,Distributed program execution method based on file type relationship in client-server network ,サイトリックス  システムズ，インコーポレイテッド,"フランクリン パート，, マイケル リッチバーグ，",2001-10-02,2002-10-01,2005-02-17,,https://patents.google.com/patent/JP2005505051A/en,https://patentimages.storage.googleapis.com/2e/2e/81/28e204a6e6d647/2005505051-5.png
CN-2491897-Y,Information key ,"冯宇彦, 游建欣, 蒋灿","冯宇彦, 游建欣, 蒋灿",2001-07-30,2001-07-30,2002-05-15,2002-05-15,https://patents.google.com/patent/CN2491897Y/en,https://patentimages.storage.googleapis.com/2e/0d/46/ac50f5a2821347/Y0123243500071.png
WO-03023577-A1,Method and device for protecting information against unauthorised use ,Network Research Lab Limited,Alexey Borisovich Fadyushin,2001-11-12,2001-11-12,2003-03-20,,https://patents.google.com/patent/WO2003023577A1/en,
CN-1635607-A,Method for making cipher chip having security protection function ,电子科技大学,"范明钰, 王光卫",2003-12-25,2003-12-25,2005-07-06,,https://patents.google.com/patent/CN1635607A/en,https://patentimages.storage.googleapis.com/63/96/34/4e403e1af4026d/A20031010411700111.png
WO-03060840-A1,Electronic system for data management and product and/or service distribution over network(s) ,Roiret Entreprises S.A.,François Laurent,2001-12-28,2002-12-20,2003-07-24,,https://patents.google.com/patent/WO2003060840A1/en,
CN-1507599-A,"Centralized negociation and offer system and respective operational methods of offer, businesses and mercantile activities process applied to productive sectors ","�ձ��Ϳ��������ɷ����޹�˾, 格勒贝比斯股份有限公司","Լ����ķ��A���°�÷��������, 约阿奎姆·A·德阿梅达普拉多, ά, 爱迪生·维瑞尔图, 伊尼斯·维瑞尔图, M, 罗伯图·M·卡多索",2001-04-23,2001-10-25,2004-06-23,,https://patents.google.com/patent/CN1507599A/en,https://patentimages.storage.googleapis.com/5c/39/41/cfd4bc6aa7474e/A0182328100341.png
DE-10113969-A1,"High-pressure cleaner with sensors, actuators and control units linked together by a data bus to facilitate operation and control via displays and operating controls ",Alto Deutschland Gmbh,Andreas Schmoll,2001-03-22,2001-03-22,2002-09-26,,https://patents.google.com/patent/DE10113969A1/en,
BR-0301347-A,Liquefied petroleum gas consumption metering system ,Daniel Sofer,Daniel Sofer,2003-04-28,2003-04-28,2004-12-21,,https://patents.google.com/patent/BR0301347A/en,
