search URL:,https://patents.google.com/?q=%22digital+identity%22&before=priority:19991231&after=priority:19000101
id,title,assignee,inventor/author,priority date,filing/creation date,publication date,grant date,result link,representative figure link
US-8392420-B2,Managing access to digital identity information ,Emc Corporation,"Joseph Andrew Mellmer, Russell T. Young, Arn D. Perkins, John M. Robertson, Jeffrey Neil Sabin, Michael C. McDonald, Douglas Phillips, Robert Michael Sheridan, Nadeem Ahmad Nazeer, DeeAnne Barker Higley, Stephen R. Carter, Douglas G. Earl, Kelly E. Sonderegger, Daniel T. Ferguson, Farrell Lynn Brough",1999-11-12,2011-04-29,2013-03-05,2013-03-05,https://patents.google.com/patent/US8392420B2/en,https://patentimages.storage.googleapis.com/49/80/d1/b7c7fa44a311db/US08392420-20130305-D00000.png
EP-1147478-B1,Validation method for electronic cash cards and digital identity cards utilizing an optical data storage ,LaserCard Corporation,Jerome Drexler,1999-01-25,1999-11-29,2005-09-14,2005-09-14,https://patents.google.com/patent/EP1147478B1/en,https://patentimages.storage.googleapis.com/7b/95/31/4442736f8f9e4a/00190001.png
CN-1624680-A,Digital identity card rechecking apparatus ,李玉彬,李玉彬,1999-03-06,2000-01-13,2005-06-08,,https://patents.google.com/patent/CN1624680A/en,
AU-6759998-A,Cryptographic digital identity method ,"Skylight Software, Inc.","Basit Hussain, Shabbir A. Khan, Saeed A. Rajput",1997-03-06,1998-03-05,1998-09-22,,https://patents.google.com/patent/AU6759998A/en,
JP-5295179-B2,System and method for electronically exchanging value between distributed users ,ペイパル，  インコーポレイテッド,"レブチン マックス, ノセック リューク, ジエル ピーター, アラン  バニスター スコット",1999-04-30,2010-06-09,2013-09-18,2013-09-18,https://patents.google.com/patent/JP5295179B2/en,https://patentimages.storage.googleapis.com/ec/43/55/c3b0d467e086eb/0005295179-2.png
US-8123618-B2,Systems for distributing entertaining episodes and crediting payouts to authorized remote-player's wagers ,Karmarkar Jayant S,Jayant S. Karmarkar,1999-06-18,2007-08-02,2012-02-28,2012-02-28,https://patents.google.com/patent/US8123618B2/en,https://patentimages.storage.googleapis.com/99/b4/92/f04c5502dff8ba/US08123618-20120228-D00000.png
US-9679278-B2,Automated banking machine that operates responsive to data bearing records ,Diebold Self-Service Systems,"Jay Paul Drummond, Mark D. Smith, Michael A. Meffie, Daniel D. Wasil",1996-11-27,2013-12-17,2017-06-13,2017-06-13,https://patents.google.com/patent/US9679278B2/en,https://patentimages.storage.googleapis.com/25/2c/0e/9428c2f912eeb6/US09679278-20170613-D00000.png
US-8020760-B2,Method of authorizing automated banking machine use responsive to user data read from data bearing records ,"Diebold, Incorporated","Jay Paul Drummond, Bob A. Cichon, Mark D. Smith, David W. Weis",1996-11-27,2010-11-22,2011-09-20,2011-09-20,https://patents.google.com/patent/US8020760B2/en,https://patentimages.storage.googleapis.com/39/ef/d1/580894590abd46/US08020760-20110920-D00000.png
US-7606767-B1,Cash dispensing automated banking machine system and communication method ,"Diebold, Incorporated","Denise Couper, Charles H. Somers, Jr., Jay Paul Drummond, Mark D. Smith, Harold V. Putman",1996-11-27,2005-05-23,2009-10-20,2009-10-20,https://patents.google.com/patent/US7606767B1/en,https://patentimages.storage.googleapis.com/c9/ca/dc/4335204284ef77/US07606767-20091020-D00000.png
US-7405724-B2,Automated banking machine and method ,"Diebold, Incorporated","Jay Paul Drummond, Dale Blackson, Bob Cichon, Joseph C. Ess, Mark A. Moales, David W. Weis, Mark D. Smith, James Church",1996-11-27,2005-05-06,2008-07-29,2008-07-29,https://patents.google.com/patent/US7405724B2/en,https://patentimages.storage.googleapis.com/c8/95/67/e2160a8b049046/US07405724-20080729-D00000.png
US-7737950-B2,Automated banking machine and system ,"Diebold, Incorporated","Jay Paul Drummond, Dale Blackson, Bob Cichon, Joseph C. Ess, Mark A. Moales, David W. Weis, Mark D. Smith, James Church",1996-11-27,2008-07-28,2010-06-15,2010-06-15,https://patents.google.com/patent/US7737950B2/en,https://patentimages.storage.googleapis.com/d7/26/7b/b43b0d7a441ac2/US07737950-20100615-D00000.png
US-7870498-B2,Method of developing automated banking machine instructions ,"Diebold, Incorporated","Jay Paul Drummond, Bob A. Cichon, David Weis, James R. Church, Mikal R. Gilger, Jagadesh Myana, Todd Blakeslee, Aravind Dongara, Mark A. Moales, Randhika Bodapatla",1996-11-27,2005-01-31,2011-01-11,2011-01-11,https://patents.google.com/patent/US7870498B2/en,https://patentimages.storage.googleapis.com/58/23/56/05dc36758fe7ea/US07870498-20110111-D00000.png
US-7277202-B2,Method for matching printing ink colors ,Flint Group Incorporated,Domingo Q Chan,1999-10-11,2006-05-04,2007-10-02,2007-10-02,https://patents.google.com/patent/US7277202B2/en,https://patentimages.storage.googleapis.com/95/6a/d3/7b714404b2b723/US07277202-20071002-D00000.png
US-7844512-B2,Server software adapted to convert messages to enable ATM and ATM host communication ,"Diebold, Incorporated","Bruce G. Richards, Jay Paul Drummond, Dale Blackson, Bob A. Cichon, Joseph C. Ess, Mark A. Moales, David W. Weis, Mark D. Smith, James Church",1996-11-27,2005-04-04,2010-11-30,2010-11-30,https://patents.google.com/patent/US7844512B2/en,https://patentimages.storage.googleapis.com/11/7f/9c/32d8b9118cd5fa/US07844512-20101130-D00000.png
US-2005114666-A1,Blocked tree authorization and status systems ,Sudia Frank W.,Frank Sudia,1999-08-06,2004-09-24,2005-05-26,,https://patents.google.com/patent/US20050114666A1/en,https://patentimages.storage.googleapis.com/a0/e7/bf/67af5ec9fda6d0/US20050114666A1-20050526-D00000.png
US-7333954-B2,Automated banking machine and system ,"Diebold, Incorporated","Jay Paul Drummond, Dale Blackson, Bob A. Cichon, Joseph C. Ess, Mark A. Moales, David W. Weis, Mark D. Smith, James Church",1996-11-27,2005-11-08,2008-02-19,2008-02-19,https://patents.google.com/patent/US7333954B2/en,https://patentimages.storage.googleapis.com/04/b2/dd/0e58bc05409c15/US07333954-20080219-D00000.png
US-6983256-B2,Cash dispensing automated banking machine system and method ,"Diebold, Incorporated","Jay Paul Drummond, Dale Blackson, Lilei Chen, Bob A. Cichon, Mark S. Covert, Bradrick Q. Lepper, Mark A. Moales, Mark D. Smith, Robert J. Lemley, Michael E. Califf, Jr., Shawn D. Joyce, Phillip S. Moore, Steven C. Swingler",1996-11-27,2004-11-02,2006-01-03,2006-01-03,https://patents.google.com/patent/US6983256B2/en,https://patentimages.storage.googleapis.com/ad/15/96/1ef6d5e8a09108/US06983256-20060103-D00000.png
US-8342396-B2,Banking system controlled responsive to data bearing records ,"Diebold, Incorporated","Denise Couper, Charles H. Somers, Jr., Jay Paul Drummond, Mark D. Smith, Harold V. Putman",1996-11-27,2011-08-01,2013-01-01,2013-01-01,https://patents.google.com/patent/US8342396B2/en,https://patentimages.storage.googleapis.com/80/b4/b4/6de79460510f93/US08342396-20130101-D00000.png
US-2006182241-A1,System providing direct internet access in public or semi-public places ,"Schelberg Charles C Jr, Duff Thomas M Jr","Charles Schelberg, Thomas Duff",1997-02-06,2006-03-24,2006-08-17,,https://patents.google.com/patent/US20060182241A1/en,https://patentimages.storage.googleapis.com/0d/e3/af/4b9b25de447beb/US20060182241A1-20060817-D00000.png
US-7251626-B2,Apparatus and method for indicating the status of transaction function devices in an automated banking machine ,"Diebold, Incorporated","Dale Blackson, Glenda K. Griswald, Mark D. Smith, Bob A. Cichon, Mark A. Moales, James Church, Robert E. Usner, Mark S. Covert, Jay Paul Drummond, Omar El-Kaissi, Lilei Chen, Lepper Q. Bradrick, Michael E. Califf, Jr., Phillip S. Moore, Steven C. Swingler, Robert J. Lemley, Shawn D. Joyce",1996-11-27,2006-02-17,2007-07-31,2007-07-31,https://patents.google.com/patent/US7251626B2/en,https://patentimages.storage.googleapis.com/80/43/9d/f1fd23346d4b81/US07251626-20070731-D00000.png
US-2005289055-A1,Automated banking machine apparatus and system ,"Diebold, Incorporated","Jay Drummond, Dale Blackson, Bob Cichon, Joseph Ess, Mark Covert, Mark Moales, David Weis, Mark Smith, Bruce Richards, James Church",1996-11-27,2005-07-11,2005-12-29,,https://patents.google.com/patent/US20050289055A1/en,https://patentimages.storage.googleapis.com/31/3c/7f/bcb90515e9979d/US20050289055A1-20051229-D00000.png
US-2005273427-A1,Automated banking machine apparatus and system ,"Diebold, Incorporated","Jay Drummond, Dale Blackson, Bob Cichon, Joseph Ess, Mark Moales, David Weis, Mark Smith, James Church",1996-11-27,2005-08-12,2005-12-08,,https://patents.google.com/patent/US20050273427A1/en,https://patentimages.storage.googleapis.com/99/81/c1/bdaea87d22f408/US20050273427A1-20051208-D00000.png
US-7653601-B2,Cash dispensing ATM system with multiple entity interface ,"Diebold, Incorporated","Jay Paul Drummond, Bob Cichon, Mark Smith, David Weis, James R. Church, Mikal R. Gilger",1996-11-27,2005-01-12,2010-01-26,2010-01-26,https://patents.google.com/patent/US7653601B2/en,https://patentimages.storage.googleapis.com/7f/1c/27/5524d266c8b8dd/US07653601-20100126-D00000.png
US-2005038747-A1,Automated banking machine configuration system ,"Diebold, Incorporated","Jay Drummond, Bob Cichon, David Weis, James Church, Mikal Gilger, Jagadesh Myana, Todd Blakeslee, Aravind Dongara, Mark Moales, Radhika Bodapatla",1996-11-27,2004-09-07,2005-02-17,,https://patents.google.com/patent/US20050038747A1/en,https://patentimages.storage.googleapis.com/a8/38/61/87db1acc3f0f62/US20050038747A1-20050217-D00000.png
US-6397329-B1,Method for efficiently revoking digital identities ,"Telcordia Technologies, Inc.","William Aiello, Sachin Lodha, Rafail Ostrovsky",1997-11-21,1998-11-20,2002-05-28,2002-05-28,https://patents.google.com/patent/US6397329B1/en,https://patentimages.storage.googleapis.com/55/de/dd/fbc77ae9259e3f/US6397329-drawings-page-2.png
US-6321333-B1,Efficient digital certificate processing in a data processing system ,Wave Systems Corporation,Eric Murray,1998-10-14,1998-10-14,2001-11-20,2001-11-20,https://patents.google.com/patent/US6321333B1/en,https://patentimages.storage.googleapis.com/8b/fa/ef/abcdeae608a3ce/US6321333-drawings-page-2.png
US-6138239-A,Method and system for authenticating and utilizing secure resources in a computer system ,"N★Able Technologies, Inc.",Leonard Scott Veil,1998-11-13,1998-11-13,2000-10-24,2000-10-24,https://patents.google.com/patent/US6138239A/en,https://patentimages.storage.googleapis.com/d8/e7/6a/503b3fe60d277a/US6138239-drawings-page-2.png
US-4334221-A,Multi-vehicle multi-controller radio remote control system ,Ideal Toy Corporation,"William Rosenhagen, George J. Whalen",1979-10-22,1979-10-22,1982-06-08,1982-06-08,https://patents.google.com/patent/US4334221A/en,https://patentimages.storage.googleapis.com/1e/0a/9a/0edc80f05def00/US4334221-drawings-page-2.png
US-6092202-A,Method and system for secure transactions in a computer system ,"N*Able Technologies, Inc.","Leonard Scott Veil, Gary Paul Ward, Richard Alan Weiss, Eric Alan Murray",1998-05-22,1998-05-22,2000-07-18,2000-07-18,https://patents.google.com/patent/US6092202A/en,https://patentimages.storage.googleapis.com/30/40/1c/434e6639cf78a6/US6092202-drawings-page-2.png
US-5140634-A,Method and apparatus for authenticating accreditations and for authenticating and signing messages ,U.S Philips Corporation,"Louis C. Guillou, Jean-Jacques Quisquater",1987-09-07,1991-10-09,1992-08-18,1992-08-18,https://patents.google.com/patent/US5140634A/en,https://patentimages.storage.googleapis.com/c5/ee/c4/8ba6ca58ec1981/US5140634-drawings-page-2.png
US-6324296-B1,Distributed-processing motion tracking system for tracking individually modulated light points ,"Phasespace, Inc.","Tracy D. McSheery, John R. Black, Scott R. Nollet, Jack L. Johnson, Vinay C. Jivan",1997-12-04,1997-12-04,2001-11-27,2001-11-27,https://patents.google.com/patent/US6324296B1/en,https://patentimages.storage.googleapis.com/6d/ae/76/6f711eb166f268/US6324296-drawings-page-3.png
US-7366702-B2,System and method for secure network purchasing ,Ipass Inc.,Sancho Enrique David,1999-07-30,2001-06-06,2008-04-29,2008-04-29,https://patents.google.com/patent/US7366702B2/en,https://patentimages.storage.googleapis.com/c1/81/a9/d224a1fb9dfd42/US07366702-20080429-D00000.png
US-5943423-A,Smart token system for secure electronic transactions and identification ,Entegrity Solutions Corporation,Sead Muftic,1995-12-15,1995-12-15,1999-08-24,1999-08-24,https://patents.google.com/patent/US5943423A/en,https://patentimages.storage.googleapis.com/f0/0b/56/3c3e50afd0387f/US5943423-drawings-page-2.png
US-6826690-B1,Using device certificates for automated authentication of communicating devices ,International Business Machines Corporation,"John R. Hind, Marcia L. Peters",1999-11-08,1999-11-08,2004-11-30,2004-11-30,https://patents.google.com/patent/US6826690B1/en,https://patentimages.storage.googleapis.com/78/32/1e/a02b3fc6f6f6ca/US6826690-drawings-page-2.png
US-6823454-B1,Using device certificates to authenticate servers before automatic address assignment ,International Business Machines Corporation,"John R. Hind, Marcia L. Peters",1999-11-08,1999-11-08,2004-11-23,2004-11-23,https://patents.google.com/patent/US6823454B1/en,https://patentimages.storage.googleapis.com/18/25/8e/e473644fca789d/US6823454-drawings-page-2.png
US-5620155-A,Railway train signalling system for remotely operating warning devices at crossings and for receiving warning device operational information ,Michalek; Jan K.,Jan K. Michalek,1995-03-23,1995-03-23,1997-04-15,1997-04-15,https://patents.google.com/patent/US5620155A/en,https://patentimages.storage.googleapis.com/87/12/80/fa81cc3f71c70a/US5620155-drawings-page-2.png
US-6081206-A,Parking regulation enforcement system ,Visionary Technology Inc.,Peter J. Kielland,1997-03-14,1998-03-06,2000-06-27,2000-06-27,https://patents.google.com/patent/US6081206A/en,https://patentimages.storage.googleapis.com/1a/78/5f/28ceb2bcac8040/US6081206-drawings-page-2.png
US-7178025-B2,Access system utilizing multiple factor identification and authentication ,"Tec Sec, Inc.","Edward M. Scheidt, Ersin Domanque, Roger Butler, Wai Tsang",1998-02-13,2003-01-30,2007-02-13,2007-02-13,https://patents.google.com/patent/US7178025B2/en,https://patentimages.storage.googleapis.com/e2/03/60/62b8772a044934/US07178025-20070213-D00000.png
US-RE38626-E,Parking regulation enforcement system ,"Visionary Technology, Inc.",Peter J. Kielland,1997-03-14,2002-06-21,2004-10-19,2004-10-19,https://patents.google.com/patent/USRE38626E1/en,https://patentimages.storage.googleapis.com/72/37/f5/a9a7d944b6ae87/USRE038626-20041019-D00000.png
US-3845289-A,Method and apparatus employing automatic route control system ,Avon Inc,R French,1972-07-18,1972-07-18,1974-10-29,1974-10-29,https://patents.google.com/patent/US3845289A/en,https://patentimages.storage.googleapis.com/5f/1b/c3/c143fb9b3a35c9/US3845289-drawings-page-2.png
US-7644040-B2,Automated banking machine and system ,"Diebold, Incorporated","Jay Paul Drummond, Dale Blackson, Bob Cichon, Joseph C. Ess, Mark S. Covert, Mark A. Moales, David W. Weis, Mark D. Smith, James Church",1996-11-27,2001-10-05,2010-01-05,2010-01-05,https://patents.google.com/patent/US7644040B2/en,https://patentimages.storage.googleapis.com/c0/49/ce/2467fd19239a65/US07644040-20100105-D00000.png
US-6931532-B1,Selective data encryption using style sheet processing ,International Business Machines Corporation,"Mark C. Davis, John R. Hind, Marcia L. Peters, Brad B. Topol",1999-10-21,1999-10-21,2005-08-16,2005-08-16,https://patents.google.com/patent/US6931532B1/en,https://patentimages.storage.googleapis.com/4b/58/67/9ad7ca9fd1e252/US6931532-drawings-page-3.png
US-6978367-B1,Selective data encryption using style sheet processing for decryption by a client proxy ,International Business Machines Corporation,"John R. Hind, Marcia L. Peters, Brad B. Topol",1999-10-21,1999-10-21,2005-12-20,2005-12-20,https://patents.google.com/patent/US6978367B1/en,https://patentimages.storage.googleapis.com/d9/3d/fd/5374fd4aa54f22/US6978367-drawings-page-2.png
US-6961849-B1,Selective data encryption using style sheet processing for decryption by a group clerk ,International Business Machines Corporation,"Mark C. Davis, John R. Hind, Marcia L. Peters, Brad B. Topol",1999-10-21,1999-10-21,2005-11-01,2005-11-01,https://patents.google.com/patent/US6961849B1/en,https://patentimages.storage.googleapis.com/0c/3c/1a/85ff80605146a5/US6961849-drawings-page-3.png
US-6941459-B1,Selective data encryption using style sheet processing for decryption by a key recovery agent ,International Business Machines Corporation,"John R. Hind, Marcia L. Peters, Brad B. Topol",1999-10-21,1999-10-21,2005-09-06,2005-09-06,https://patents.google.com/patent/US6941459B1/en,https://patentimages.storage.googleapis.com/e8/3f/be/999f3f556b44fa/US6941459-drawings-page-2.png
US-6539361-B1,Automated banking machine system using plural communication formats ,"Die{grave over (b)}old, Incorporated","Bruce G. Richards, Jay Paul Drummond, Dale Blackson, Bob A. Cichon, Joseph C. Ess, Mark A. Moales, David W. Weis, Mark D. Smith, James Church",1996-11-27,1998-11-17,2003-03-25,2003-03-25,https://patents.google.com/patent/US6539361B1/en,https://patentimages.storage.googleapis.com/67/46/be/a8dcee5b45a19a/US6539361-drawings-page-3.png
US-7567924-B1,Automated banking machine apparatus and system ,"Diebold, Incorporated","Jay Paul Drummond, Dale Blackson, Lilei Chen, Bob A. Cichon, Mark S. Covert, Bradrick Q. Lepper, Mark A. Moales, Mark D. Smith, Robert J. Lemley, Michael E. Califf, Jr., Shawn D. Joyce, Phillip S. Moore, Steven C. Swingler",1996-11-27,1997-11-25,2009-07-28,2009-07-28,https://patents.google.com/patent/US7567924B1/en,https://patentimages.storage.googleapis.com/5e/5a/9f/a0aa0d578e810b/US7567924-drawings-page-3.png
US-4922443-A,Data acquisition and processing equipment for testing automotive vehicles ,Etablissements M. Muller & Cie.,"Paul Coetsier, Denis Douine",1987-08-07,1988-07-26,1990-05-01,1990-05-01,https://patents.google.com/patent/US4922443A/en,https://patentimages.storage.googleapis.com/2b/b1/7d/ccc63a517bb3b1/US4922443-drawings-page-2.png
US-2003078880-A1,Method and system for electronically signing and processing digital documents ,"Nancy Alley, Jonathan Kearns, Kelly Purcell","Nancy Alley, Jonathan Kearns, Kelly Purcell",1999-10-08,2002-11-19,2003-04-24,,https://patents.google.com/patent/US20030078880A1/en,https://patentimages.storage.googleapis.com/d0/cb/74/a2858274798ada/US20030078880A1-20030424-D00000.png
TW-454132-B,Digital content preparation system ,Ibm,"Kenneth Louis Milsted, Qing Gong, Cesar Medina",1998-10-22,1999-10-19,2001-09-11,2001-09-11,https://patents.google.com/patent/TW454132B/en,
US-7725393-B2,Application service provider and automated transaction machine system and method ,"Diebold Self-Service Systems A Division Of Diebold, Incorporated","Jay Paul Drummond, Dale H. Blackson, Mark D. Smith",1996-11-27,2003-02-03,2010-05-25,2010-05-25,https://patents.google.com/patent/US7725393B2/en,https://patentimages.storage.googleapis.com/18/ab/87/e4a765a197d6d3/US07725393-20100525-D00000.png
US-2002178370-A1,Method and apparatus for secure authentication and sensitive data management ,"Gurevich Michael N., Vit Kantor","Michael Gurevich, Vit Kantor",1999-12-30,2000-12-29,2002-11-28,,https://patents.google.com/patent/US20020178370A1/en,https://patentimages.storage.googleapis.com/cd/99/1f/12eb8767bc5c2e/US20020178370A1-20021128-D00000.png
NL-9401511-A,"System for making a digital image registration of an object, carrier provided with a digital image of at least one object and method for generating a digital image of an object. ","Antonius Cornelis De Bruijn, Leendert Cornelis Van Haaften, David Koster, Johan Willem Van Vive",David Koster,1994-09-16,1994-09-16,1996-05-01,,https://patents.google.com/patent/NL9401511A/en,
EP-1081890-B1,Folder type time stamping system and distributed time stamping system ,Nippon Telegraph and Telephone Corporation,"Akira NTT Intell. Property Center Takura, Satoshi NTT Intell. Property Center Ono",1999-09-01,2000-09-01,2005-04-06,2005-04-06,https://patents.google.com/patent/EP1081890B1/en,https://patentimages.storage.googleapis.com/9c/2e/0a/2e1d2c4ef12288/00690001.png
CA-2349335-A1,Signalling of bouquet information in a digital transmission system ,"Canal + Societe Anonyme, Francois Rey, Philippe Poulain, Canal + Technologies, Thomson Licensing S.A., Thomson Licensing, Interdigital Ce Patent Holdings","Francois Rey, Philippe Poulain",1998-11-09,1999-11-05,2000-05-18,,https://patents.google.com/patent/CA2349335A1/en,
KR-830004004-A,Method and apparatus for digital conference ,"알. 지. 크라우포드, 웨스컴 스윗칭, 인코퍼레이티드","에프. 리간 죤, 에이. 메타 바클리스",1979-06-15,1980-06-16,1983-06-30,,https://patents.google.com/patent/KR830004004A/en,
CA-2271394-C,Automated banking machine and system operative to respond to html documents ,"Diebold, Incorporated, Jay Paul Drummond, Dale Blackson, Bob A. Cichon, Joseph C. Ess, Mark A. Moales, David W. Weis, Mark D. Smith, James Church","Jay Paul Drummond, Dale Blackson, Bob A. Cichon, Joseph C. Ess, Mark A. Moales, David W. Weis, Mark D. Smith, James Church",1998-05-27,1999-05-07,2003-10-28,2003-10-28,https://patents.google.com/patent/CA2271394C/en,
US-7716096-B2,Application service provider and automated transaction machine system and method ,"Diebold Self-Service Systems A Division Of Diebold, Incorporated","Jay Paul Drummond, Dale H. Blackson, Mark D. Smith",1996-11-27,2003-02-03,2010-05-11,2010-05-11,https://patents.google.com/patent/US7716096B2/en,https://patentimages.storage.googleapis.com/e7/01/b2/8d34a18aa9fe99/US07716096-20100511-D00000.png
HU-0004470-A2,A portable information and transaction processing device system and method utilizing biometric authorization and digital certificate security ,International Business Machines Corp.,"Stephane Maes, Jan Sedivy",1997-08-11,1998-07-30,2001-05-28,,https://patents.google.com/patent/HU0004470A2/en,
TW-436743-B,Method for using fingerprints to distribute information over a network ,Digital Persona Inc,"Vance Bjorn, Fabio Righi",1997-11-14,1998-11-13,2001-05-28,2001-05-28,https://patents.google.com/patent/TW436743B/en,
JP-2003511802-A,Global internet digital identification system and method ,マスターカード  インターナショナル  インコーポレイテツド,"ディー  エス  ハリス マイケル, ワンクミューラー ジョン",1999-10-08,2000-10-05,2003-03-25,,https://patents.google.com/patent/JP2003511802A/en,
US-6384776-B1,EM signal detection and position broadcasting system and method ,B. Todd Martin,B. Todd Martin,1999-04-30,1999-04-30,2002-05-07,2002-05-07,https://patents.google.com/patent/US6384776B1/en,https://patentimages.storage.googleapis.com/d4/76/26/8295bd35c32011/US6384776-drawings-page-2.png
DE-2323649-A1,SYSTEM FOR CORRECTING DETECTED ERRORS IN A HIGH SPEED DIGITAL DATA TRANSFER SYSTEM ,North American Rockwell,Earl Doyle Gibson,1972-05-12,1973-05-10,1973-11-22,,https://patents.google.com/patent/DE2323649A1/en,
CN-1162791-C,Digital ID card and its national network management scheme ,李玉彬,李玉彬,1999-03-06,2000-01-13,2004-08-18,2004-08-18,https://patents.google.com/patent/CN1162791C/en,https://patentimages.storage.googleapis.com/7c/62/d7/d4d39bfed00c31/C0010143400171.png
EP-0961251-A2,Automated banking machine with accessing data based on customer inputs including biometric customer identification and producing selected displays based on customer identity (profile bean) ,"Diebold, Incorporated","Jay Paul Drummond, Dale Blackson, Bob A. Cichon, Mark S. Covert, Mark A. Moales, Mark D. Smith, Joseph C. Ess, David W. Weis, James Church",1998-05-27,1999-04-30,1999-12-01,,https://patents.google.com/patent/EP0961251A2/en,https://patentimages.storage.googleapis.com/69/42/1e/cbc03ddb8589b0/01590001.png
EP-0225528-B1,Angular pulses identifying arrangement ,Siemens Aktiengesellschaft,"Hans Schreiber, Marek Molin",1985-11-25,1986-11-21,1988-11-02,1988-11-02,https://patents.google.com/patent/EP0225528B1/en,https://patentimages.storage.googleapis.com/cc/02/37/6c34901164fefb/imgf0001.png
GR-3030082-T3,Method of communication for an intelligent digital audiovisual playback system ,Technical Maintenance Corp,"Guy Nathan, Tony Mastronardi",1994-10-12,1999-04-29,1999-07-30,,https://patents.google.com/patent/GR3030082T3/en,
US-4201893-A,Private automatic branch exchange telephone system with two data sources sharing a multiplexed data bus ,Gte Automatic Electric Laboratories Incorporated,Donald W. McLaughlin,1978-09-28,1978-09-28,1980-05-06,1980-05-06,https://patents.google.com/patent/US4201893A/en,https://patentimages.storage.googleapis.com/ce/ca/c4/8dc5aab313eab4/US4201893-drawings-page-2.png
CN-1359494-A,Method and apparatus for identifying hardware ,国际商业机器公司,"亚历克斯·奇利文尼, 马克·爱德华·希尔",1999-07-26,2000-07-21,2002-07-17,,https://patents.google.com/patent/CN1359494A/en,https://patentimages.storage.googleapis.com/cb/85/41/887cec26ba486a/A0080980900161.png
RU-98108978-A,DIGITAL MESSAGE RELIABILITY ASSESSMENT DEVICE FOR RAILWAY REGULATION SYSTEMS ,"ЦСЕЕ Транспор (FR), ЦСЕЕ Транспор","Демарэ Жерар (FR), Демарэ Жерар",1997-05-07,1998-05-06,2000-03-20,,https://patents.google.com/patent/RU98108978A/en,
DE-59469-T1,SYSTEM FOR TRANSMITTING A TELEPHONE CONNECTION OF THE IDENTITY OF THE PARTICIPANTS IN THIS CONNECTION. ,"CSELT-Centro Studi e Laboratori Telecomunicazioni S.p.A., 10148 Turin",Ottavio Turin Bertoglio,1981-03-03,1982-03-02,1983-03-17,,https://patents.google.com/patent/DE59469T1/en,
KR-20020007303-A,System and method for providing certification-related and other services ,"맥 힉스, 레지나 세일러, 가이 에스. 주니어. 탈렌트, 크리스틴 쿠프레스, 알렌 프레이덴스타인","맥 힉스, 레지나 세일러, 가이 에스. 주니어. 탈렌트, 크리스틴 쿠프레스, 알렌 프레이덴스타인",1999-02-12,2000-02-11,2002-01-26,,https://patents.google.com/patent/KR20020007303A/en,
AU-613084-B2,"A method and system for authentication of accreditations and of messages with zero-knowledge proof and for the signing of messages, and a station for use in such system, in particular executed as a smart card station ","Philips Electronics N.V., Telediffusion De France, L'etat Francais","Louis C. Guillou, Jean-Jacques Quisquater",1987-09-07,1988-09-07,1991-07-25,1991-07-25,https://patents.google.com/patent/AU613084B2/en,
FR-2613514-A1,Electronic voting machine ,Electroplus Sarl,"Jean Luc Desprez, Jean Berard-Bergery, Jean Claude Berard",1987-03-31,1987-03-31,1988-10-07,,https://patents.google.com/patent/FR2613514A1/en,
DE-3807375-A1,Device to measure the density of fluids by means of vibration systems ,Becker Wolf Juergen Prof Dipl,"Wolf-Juergen Prof Dipl Becker, Wolfgang Dipl Ing Braasch",1988-03-07,1988-03-07,1989-09-21,,https://patents.google.com/patent/DE3807375A1/en,
US-2002035547-A1,Franking method and apparatus ,Gerrit Bleumer,Gerrit Bleumer,1999-12-06,2000-12-01,2002-03-21,,https://patents.google.com/patent/US20020035547A1/en,https://patentimages.storage.googleapis.com/ba/1e/6e/e7d029567892a1/US20020035547A1-20020321-D00000.png
CN-2147593-Y,Language sound positioning alarm ,"刘国安, 周旭","刘国安, 周旭",1993-02-09,1993-02-09,1993-11-24,1993-11-24,https://patents.google.com/patent/CN2147593Y/en,https://patentimages.storage.googleapis.com/24/61/8c/6c177380f09358/932038379_DRIMG2.png
RU-2252451-C2,"Method for performing transactions, computerized method for network server protection, transaction system, electronic wallet server, computerized online shopping method (variants) and computerized access control method ","Американ Экспресс Тревл Рилейтед Сервисиз Компани, Инк.","Рассел БЕННЕТ (US), Рассел БЕННЕТ, Фред БИШОП (US), Фред БИШОП, Эллиот ГЛЕЙЗЕР (US), Эллиот ГЛЕЙЗЕР, Зиг ГОРГОЛ (US), Зиг ГОРГОЛ, Майкл ДЖОНСОН (US), Майкл Джонсон, Дэвид ДЖОНСТОУН (US), Дэвид ДЖОНСТОУН, Уолтер Д. ЛЕЙК (US), Уолтер Д. ЛЕЙК, Коби РОЙЭР (US), Коби РОЙЭР, Ник СВИФТ (GB), Ник СВИФТ, Марвин СИМКИН (US), Марвин СИМКИН, Дерк УАЙТ (US), Дерк УАЙТ, Уиль м Г. ХОЛ (US), Уильям Г. ХОЛ",1999-08-31,2000-08-30,2005-05-20,2005-05-20,https://patents.google.com/patent/RU2252451C2/en,https://patentimages.storage.googleapis.com/17/f6/76/83768a71df4da9/00000002.png
US-6950860-B1,Method and system for integrating building services by developing and loading an adapter element for each of the devices and applications of plurality of integrated building services to encapsulate the plurality of integrated building services with a standard interconnection behavior ,"Master Solutions, Inc.","Barry Scott Farah, Randall Scott Welsch, Paul Mike Canaday, Albert William Butkus, Craig William Vollenweider",1999-07-02,2000-06-24,2005-09-27,2005-09-27,https://patents.google.com/patent/US6950860B1/en,https://patentimages.storage.googleapis.com/f3/d3/83/d08223084d77de/US06950860-20050927-D00000.png
WO-0028452-A1,Secure architecture for exchange executes digitally signed contracts ,Secure Accounts Ltd.,"Robert Green, Jeremy Stammers, Vincent Cate, Sean Hastings",1998-11-05,1999-11-03,2000-05-18,,https://patents.google.com/patent/WO2000028452A1/en,
CN-2254849-Y,Bicycle frame with large numeral mark ,雷作坚,雷作坚,1995-12-22,1995-12-22,1997-05-28,1997-05-28,https://patents.google.com/patent/CN2254849Y/en,https://patentimages.storage.googleapis.com/23/5e/fd/0d61b86faa3c4e/Y9524635900051.png
US-4136263-A,Telephone system having space divided speech channels and a separate time divided data highway ,Thorn-Ericsson Telecommunications (Mfg.) Limited,Ioan H. Williams,1972-10-02,1977-06-23,1979-01-23,1979-01-23,https://patents.google.com/patent/US4136263A/en,https://patentimages.storage.googleapis.com/59/6c/dd/aba02c947d3acb/US4136263-drawings-page-2.png
CA-2106283-A1,Electronic personalized information prevention device ,"Loui Sansfacon, I.D. Concept International",Loui Sansfacon,1993-09-15,1993-09-15,1995-03-16,,https://patents.google.com/patent/CA2106283A1/en,
EP-1257937-A1,Ca in a card ,"Elad Barkan, Nir Barkan","Elad Barkan, Nir Barkan",1999-07-07,1999-07-07,2002-11-20,,https://patents.google.com/patent/EP1257937A1/en,
WO-0139428-A2,Method and system for protecting of user privacy ,"Geopartners Research, Inc.",James F. Moore,1999-11-24,2000-11-24,2001-05-31,,https://patents.google.com/patent/WO2001039428A2/en,
KR-0145775-B1,Automatic door open/close apparatus of id recognition for key phone system ,"김광호, 삼성전자주식회사",한성익,1994-05-31,1994-05-31,1998-08-17,1998-08-17,https://patents.google.com/patent/KR0145775B1/en,
WO-0116828-A1,System and method for conducting financial transactions on an internet enabled electronic funds transfer device ,"Fundsxpress Financial Network, Inc.","John A. Burns, Daniel Mallinger, Matthew W. Kinman, Samuel David Hartman, David Steven Blumenthal, Joyce Ann Konigsburg",1999-08-27,2000-08-21,2001-03-08,,https://patents.google.com/patent/WO2001016828A1/en,
FR-2665989-A1,IDENTIFICATION SYSTEM AND MODULE AND APPARATUS AND METHOD FOR READING RESISTIVE CODING VALUE. ,Sundstrand Corp,"Mehr-Ayin Kourosh, Conn William, Luis M Rivera, Andrew L Gale, Phillip A Marsh",1990-08-15,1991-08-13,1992-02-21,,https://patents.google.com/patent/FR2665989A1/en,
CH-694603-A5,Identification method. ,Certicom Corp,"Scott A Vanstone, Donald B Johnson",1997-01-31,1998-02-02,2005-04-15,,https://patents.google.com/patent/CH694603A5/en,
KR-20000006367-A,Digital digitizer coordinate input system ,"에토 요지, 가부시키가이샤 와코무",가쓰라히라유지,1998-06-22,1999-06-22,2000-01-25,,https://patents.google.com/patent/KR20000006367A/en,
CA-2280194-A1,"A method and system allowing a player at a remote location to interactively participate in a live, on-line black jack game ",Brad C. Barrett,Brad C. Barrett,1999-08-12,1999-08-12,2001-02-12,,https://patents.google.com/patent/CA2280194A1/en,
GB-1105601-A,Improvements in or relating to apparatus for air traffic control ,Decca Ltd,Thomas Michael Benyon Wright,1964-03-03,1964-03-03,1968-03-06,,https://patents.google.com/patent/GB1105601A/en,
US-6963333-B1,Automated banking machine apparatus and system ,"Diebold, Incorporated","Jay Paul Drummond, Dale Blackson, Bob A. Cichon, Joseph C. Ess, Mark A. Moales, David W. Weis, Mark D. Smith, James Church",1996-11-27,1998-09-17,2005-11-08,2005-11-08,https://patents.google.com/patent/US6963333B1/en,https://patentimages.storage.googleapis.com/93/08/89/2efc778e53255f/US6963333-drawings-page-2.png
MX-PA99004936-A,Automated banking machine apparatus and system. ,Diebold Inc,W Weis David,1998-05-27,1999-05-27,2005-07-25,,https://patents.google.com/patent/MXPA99004936A/en,
US-7177707-B2,Variable specification functional blocks integrated circuit system suitable for detecting resistor identifications ,Peter Ar-Fu Lam,Peter Ar-Fu Lam,1998-10-09,2002-08-26,2007-02-13,2007-02-13,https://patents.google.com/patent/US7177707B2/en,https://patentimages.storage.googleapis.com/7f/00/d3/088365d8ad64dc/US07177707-20070213-D00000.png
EP-0961246-A2,Methods by which an ATM selectively accesses documents based on the transaction function devices present in the machine ,"Diebold, Incorporated","Jay Paul Drummond, Dale Blackson, Bob A. Cichon, Mark A. Moales, Mark D. Smith, Joseph C. Ess, David W. Weis, James Church",1998-05-27,1999-04-30,1999-12-01,,https://patents.google.com/patent/EP0961246A2/en,https://patentimages.storage.googleapis.com/1a/b3/02/f73651d90dc0d0/01560001.png
RU-2184393-C2,Device having automated apparatus for accomplishing financial operations or automated banking apparatus and method of device operation ,"Дайболд, Инкорпорейтед","Джей Пол ДРАММОНД, Дейл БЛЭКСОН, Боб А. КИЧОН, Джозеф С. ЭСС, Марк А. МОАЛЕС, Дэвид В. ВАЙС, Марк Д. СМИТ, Джеймс ЧЕРЧ",1998-05-27,1999-05-26,2002-06-27,2002-06-27,https://patents.google.com/patent/RU2184393C2/en,https://patentimages.storage.googleapis.com/21/77/5c/81c1c4877f6dea/00000002.png
MX-PA99004934-A,Automated banking machine and system. ,Diebold Inc,Blackson Cale,1998-05-27,1999-05-27,2005-07-25,,https://patents.google.com/patent/MXPA99004934A/en,
EP-1030495-A2,Pre-navigate bean (including testing for download speed in determining whether to access HTTP records) ,"Diebold, Incorporated","Jay Paul Drummond, Dale Blackson, Bob A Cichon, Mark A Moales, Mark D Smith, Joseph C Ess, David W Weis, James Church",1998-05-27,1999-04-30,2000-08-23,,https://patents.google.com/patent/EP1030495A2/en,https://patentimages.storage.googleapis.com/da/8e/38/a46fa498d102ec/01600001.png
JP-2003509775-A,System and method for processing a biometric transmission without using a token using an electronic rule module clearinghouse ,インディヴォス  コーポレイション,"ネド ホフマン，, フィリップ  ディーン ラプスリー，",1999-09-16,2000-09-15,2003-03-11,,https://patents.google.com/patent/JP2003509775A/en,
WO-0106338-A2,Automated banking machine system and development method ,"Diebold, Incorporated","Jay Paul Drummond, James R. Church, Bob A. Cichon, Mark D. Smith, Mikal R. Gilger, David Weis, Jagadesh Myana, Todd Blakeslee, Aravind Dongara, Mark A. Moales, Radhika R Bodapatla",1999-07-20,2000-07-19,2001-01-25,,https://patents.google.com/patent/WO2001006338A2/en,
EP-0516739-B1,Vehicle-pedestrian communication system ,Finance Techniques Et Systemes,Michel Charles Fernand Grasset,1990-02-23,1991-02-22,1995-05-03,1995-05-03,https://patents.google.com/patent/EP0516739B1/en,https://patentimages.storage.googleapis.com/d0/3e/79/1d70cd061294a4/imgf0001.png
MX-PA99004933-A,Automated banking machine apparatus and system. ,Diebold Inc,Church James,1998-05-27,1999-05-27,2005-07-25,,https://patents.google.com/patent/MXPA99004933A/en,
MX-PA99004935-A,Automated banking machine apparatus and system. ,Diebold Inc,Church James,1998-05-27,1999-05-27,2005-07-25,,https://patents.google.com/patent/MXPA99004935A/en,
CA-2478548-C,Automated banking machine system and development method ,"Diebold, Incorporated, Jay Paul Drummond, James R. Church, Bob A. Cichon, Mark D. Smith, Mikal R. Gilger, David Weis, Jagadesh Myana, Todd Blakeslee, Aravind Dongara, Mark A. Moales, Radhika R. Bodapatla","Jay Paul Drummond, James R. Church, Bob A. Cichon, Mark D. Smith, Mikal R. Gilger, David Weis, Jagadesh Myana, Todd Blakeslee, Aravind Dongara, Mark A. Moales, Radhika R. Bodapatla",1999-07-20,2000-07-19,2014-03-11,2014-03-11,https://patents.google.com/patent/CA2478548C/en,
RU-2194310-C2,Device containing bank apparatus and its operation method ,"Дайболд, Инкорпорейтед","Роберт Е. УЗНЕР, Гленда К. ГРИСУОЛД, Омар ЭЛ-КАИССИ, Джеймс ЧЕРЧ, Джей Пол ДРАММОНД, Дейл БЛЭКСОН, Лилей ЧЕН, Боб А. КИЧОН, Марк С. КАВЕРТ, Брэдрик К. ЛЕППЕР, Марк А. МОАЛЕС, Марк Д. СМИТ, Роберт Дж. ЛЕМЛИ, Майкл Е. мл. КАЛИФФ, Шон Д. ДЖОЙС, Филлип С. МУР, Стивен С. СВИНГЛЕР",1998-07-07,1999-05-26,2002-12-10,2002-12-10,https://patents.google.com/patent/RU2194310C2/en,https://patentimages.storage.googleapis.com/04/01/17/1642936a8351a9/00000002.png
RU-2206126-C2,Facility carrying automatic apparatus performing financial operations ( variants ) and way this apparatus functions ,"Дайболд, Инкорпорейтед","Джей Пол ДРАММОНД, Дейл БЛЭКСОН, Боб А. КИЧОН, Джозеф С. ЭСС, Марк С. КАВЕРТ, Марк А. МОАЛЕС, Дэвид В. ВАЙС, Марк Д. СМИТ, Джеймс ЧЕРЧ",1998-05-27,1999-05-26,2003-06-10,2003-06-10,https://patents.google.com/patent/RU2206126C2/en,https://patentimages.storage.googleapis.com/30/01/5c/a8abb66b3270df/00000002.png
EP-1030276-A2,Using server ATM to present device status messages and accessing/operating devices for service activity with browser interface ,"Diebold, Incorporated","Jay Paul Drummond, Dale Blackson, Lilei Chen, Bob A. Cichon, Mark S. Covert, Bradrick Q. Lepper, Mark A. Moales, Mark Smith, Robert J. Lemley, Michael E.Jr. Califf, Shawn D. Joyce, Philip S. Moore, Steven C. Swingler, Robert E. Usner, Glenda Griswold, Omar El-Kaissi, James Church",1998-05-27,1999-04-30,2000-08-23,,https://patents.google.com/patent/EP1030276A2/en,https://patentimages.storage.googleapis.com/c1/c6/e0/a9e5cdc2b6abe0/01580001.png
EP-0961247-A2,Automated transaction machine which operates responsive to HTML documents accessed with a browser ,"Diebold, Incorporated","Jay Paul Drummond, Dale Blackson, Lilci Chen, Bob A. Chicon, Mark S Covert, Bradrick Q. Lepper, Mark A. Moales, Mark D. Smith, Robert J. Lemley, Michael E. Califf, Shawn D. Joyce, Phillip S. Moore, Steven C. Swingler",1998-05-27,1999-04-30,1999-12-01,,https://patents.google.com/patent/EP0961247A2/en,https://patentimages.storage.googleapis.com/95/dd/5c/f215529e7d2e56/01550001.png
EP-1030277-A2,Legacy interface for communication with existing host systems (including passing object features) ,"Diebold, Incorporated"," Jay Paul Drummond, Dale Blackson, Bob A. Cichon, Mark A. Moales, Mark D. Smith, Joseph C. Ess, David W. Weis, Bruce G. Richards, James Church",1998-05-27,1999-04-30,2000-08-23,,https://patents.google.com/patent/EP1030277A2/en,https://patentimages.storage.googleapis.com/fa/b7/5a/aa8bf4e87f14be/01580001.png
US-6970846-B1,Automated banking machine configuration method ,"Diebold, Incorporated","Jay Paul Drummond, Bob A. Cichon, David Weis, James R. Church, Mikal R. Gilger, Jagadesh Myana, Todd Blakeslee, Aravind Dongara, Mark A. Moales, Radhika Bodapatla",1996-11-27,2000-08-14,2005-11-29,2005-11-29,https://patents.google.com/patent/US6970846B1/en,https://patentimages.storage.googleapis.com/5c/81/96/681c915f49a847/US06970846-20051129-D00000.png
US-3188929-A,Type composing apparatus ,Photon Inc,"Rene A Higonnet, Louis M Moyroud",1961-06-28,1961-06-28,1965-06-15,1965-06-15,https://patents.google.com/patent/US3188929A/en,https://patentimages.storage.googleapis.com/42/36/4e/40aec60b4f5f06/US3188929-drawings-page-1.png
CN-1207227-A,Remote control system ,英国电讯有限公司,基思·埃里克·诺尔迪,1996-01-04,1996-12-31,1999-02-03,,https://patents.google.com/patent/CN1207227A/en,https://patentimages.storage.googleapis.com/ec/27/9d/8973de95977785/A9619949700211.png
US-7634433-B1,Automated banking machine and system ,"Diebold, Incorporated","Jay Paul Drummond, Dale Blackson, Bob A. Cichon, Joseph C. Ess, Mark A. Moales, David W. Weis, Mark D. Smith, James Church",1998-11-17,1998-11-17,2009-12-15,2009-12-15,https://patents.google.com/patent/US7634433B1/en,https://patentimages.storage.googleapis.com/ad/24/ed/e9d328719ea0a4/US7634433-drawings-page-2.png
WO-0101362-A1,Security device ,"Michael Morris, Peter Raivid","Michael Morris, Peter Raivid",1999-06-25,2000-06-23,2001-01-04,,https://patents.google.com/patent/WO2001001362A1/en,
US-8121914-B1,Automated banking machine customer profile method ,"Diebold, Incorporated","Jay Paul Drummond, Bob A. Cichon, David Weis, James R. Church, Mikal R. Gilger, Jagadesh Myana, Todd Blakeslee, Aravind Dongara, Mark A. Moales, Radhika Reddy Bodapatla",1996-11-27,2000-08-14,2012-02-21,2012-02-21,https://patents.google.com/patent/US8121914B1/en,https://patentimages.storage.googleapis.com/cb/15/91/a684ad0534fa73/US08121914-20120221-D00000.png
RU-2189638-C2,"Method for document printing with the aid of bank apparatus, automatic bank apparatus (modifications) and method for document printing with its aid ","Дайболд, Инкорпорейтед","Марк С. КАВЕРТ, Джей Пол ДРАММОНД, Дейл БЛЭКСОН, Боб А. КИЧОН, Джозеф С. ЭСС, Марк А. МОАЛЕС, Дэвид В. ВАЙС, Марк Д. СМИТ, Джеймс ЧЕРЧ",1998-05-27,1999-05-26,2002-09-20,2002-09-20,https://patents.google.com/patent/RU2189638C2/en,https://patentimages.storage.googleapis.com/b5/d1/37/2aa925b3f94e51/00000002.png
EP-0961195-A2,Function for mapping the keys of a keypad ,"Diebold, Incorporated","Paul Drummond Jay, Blackson Dale, Bob A Cichon, A Moales Mark, D Smith Mark, C Ess Joseph, W Weis David, Church James",1998-05-27,1999-04-30,1999-12-01,,https://patents.google.com/patent/EP0961195A2/en,https://patentimages.storage.googleapis.com/cd/4f/ae/f32ba424f1c8bd/01600001.png
FR-2501855-A3,Data transmission system between fixed and moving assemblies - uses switching controllers for transmitters and receivers to transfer real=time data through coupling transformer ,Saphymo Stel,"Jacques Gilles, Didier Brisebourg",1981-03-16,1981-03-16,1982-09-17,,https://patents.google.com/patent/FR2501855A3/en,
CA-2435204-C,Automated banking machine and system ,"Diebold, Incorporated, Jay Paul Drummond, Dale Blackson, Bob A. Cichon, Joseph C. Ess, Mark A. Moales, David W. Weis, Mark D. Smith, James Church","Jay Paul Drummond, Dale Blackson, Bob A. Cichon, Joseph C. Ess, Mark A. Moales, David W. Weis, Mark D. Smith, James Church",1998-05-27,1999-05-07,2005-03-29,2005-03-29,https://patents.google.com/patent/CA2435204C/en,
CA-2479399-C,Automated banking machine and system ,"Diebold, Incorporated, Jay Paul Drummond, Dale Blackson, Bob A. Cichon, Joseph C. Ess, Mark A. Moales, David W. Weis, Mark D. Smith, James Church","Jay Paul Drummond, Dale Blackson, Bob A. Cichon, Joseph C. Ess, Mark A. Moales, David W. Weis, Mark D. Smith, James Church",1998-05-27,1999-05-07,2007-02-20,2007-02-20,https://patents.google.com/patent/CA2479399C/en,
CA-2434506-C,Automated banking machine and system ,"Diebold, Incorporated, Mark S. Covert, Jay Paul Drummond, Dale Blackson, Bob A. Cichon, Joseph C. Ess, Mark A. Moales, David W. Weis, Mark D. Smith, James Church","Mark S. Covert, Jay Paul Drummond, Dale Blackson, Bob A. Cichon, Joseph C. Ess, Mark A. Moales, David W. Weis, Mark D. Smith, James Church",1998-05-27,1999-05-07,2004-06-29,2004-06-29,https://patents.google.com/patent/CA2434506C/en,
CA-2421991-C,Automated banking machine and system operative to respond to html documents ,"Diebold, Incorporated, Jay Paul Drummond, Dale Blackson, Bob A. Cichon, Joseph C. Ess, Mark A. Moales, David W. Weis, Mark D. Smith, James Church","Jay Paul Drummond, Dale Blackson, Bob A. Cichon, Joseph C. Ess, Mark A. Moales, David W. Weis, Mark D. Smith, James Church",1998-05-27,1999-05-07,2004-07-13,2004-07-13,https://patents.google.com/patent/CA2421991C/en,
US-5014067-A,Integrated landing system ,"Sundstrand Data Control, Inc.",John P. Chisholm,1990-03-12,1990-03-12,1991-05-07,1991-05-07,https://patents.google.com/patent/US5014067A/en,https://patentimages.storage.googleapis.com/64/3f/32/91b431f98e395f/US5014067-drawings-page-2.png
EP-0573509-B1,Temperature measuring system ,Asea Brown Boveri Ab,Lennart Balgard,1991-02-25,1992-02-21,1996-07-31,1996-07-31,https://patents.google.com/patent/EP0573509B1/en,https://patentimages.storage.googleapis.com/aa/ea/6c/3e1743fae9dd3a/imgf0001.png
US-6265878-B1,Reliable trailer tester ,"Betts Industries, Inc.",Thomas C. Traub,1997-03-20,1998-10-02,2001-07-24,2001-07-24,https://patents.google.com/patent/US6265878B1/en,https://patentimages.storage.googleapis.com/dd/17/ac/10fac017e34ef2/US6265878-drawings-page-2.png
EP-1042740-A2,Method of billing for services and products purchased over a network ,Helsingin Puhelin OYJ - Helsingfors Telefon ABP,Lauri Isotalo,1997-11-26,1998-11-26,2000-10-11,,https://patents.google.com/patent/EP1042740A2/en,
EP-0252131-A1,Remote process control apparatus ,Auditel Systems Pty. Ltd.,Henry Zandberg,1986-01-14,1987-01-13,1988-01-13,,https://patents.google.com/patent/EP0252131A1/en,
EP-0901678-B1,Signal processing arrangements ,Domain Dynamics Limited,Reginald Alfred King,1996-05-29,1997-05-28,2000-07-19,2000-07-19,https://patents.google.com/patent/EP0901678B1/en,https://patentimages.storage.googleapis.com/5f/3e/bc/99bd2451562159/00200001.png
EA-000407-B1,A unitized interface system and integrated circuit for communication package ,Джеффри А. Хармен,Джеффри А. Хармен,1995-03-31,1996-03-29,1999-06-24,,https://patents.google.com/patent/EA000407B1/en,
US-5652573-A,"Apparatus for the acquisition of events, in particular in carrier pigeon racing ",Diehl Gmbh & Co.,"Ludwig Maul, Klaus Geisslinger, Bolko Wietrzynski",1993-12-22,1994-08-02,1997-07-29,1997-07-29,https://patents.google.com/patent/US5652573A/en,https://patentimages.storage.googleapis.com/b0/ea/7b/ad4456e2dd44f3/US5652573-drawings-page-2.png
JP-H0622051-A,Line multiplexing transmission equipment ,"Mitsubishi Electric Corp, 三菱電機株式会社","Shigeaki Suzuki, 茂明 鈴木, Hisashi Naito, 悠史 内藤, Wataru Fushimi, 渉 伏見",1992-07-01,1992-07-01,1994-01-28,,https://patents.google.com/patent/JPH0622051A/en,
GB-2209235-A,Radiation detection training ,"Peter Gerald Boid, Paul Thomas Dunham","Peter Gerald Boid, Paul Thomas Dunham, Nicholas John Boid",1987-08-28,1988-08-26,1989-05-04,,https://patents.google.com/patent/GB2209235A/en,
JP-H07212557-A,Fax equipment ,"Matsushita Electric Ind Co Ltd, 松下電器産業株式会社","潤一 ▲吉▼川, Junichi Yoshikawa",1994-01-20,1994-01-20,1995-08-11,,https://patents.google.com/patent/JPH07212557A/en,
JP-H0846766-A,Facsimile equipment ,"Brother Ind Ltd, ブラザー工業株式会社","Suzuyo Murai, すゞ代 村井",1994-07-28,1994-07-28,1996-02-16,,https://patents.google.com/patent/JPH0846766A/en,
FI-108184-B,Service access control ,Sonera Oyj,"Ismo Heikkonen, Kimmo Pitkaenen",1999-10-12,1999-10-12,2001-11-30,2001-11-30,https://patents.google.com/patent/FI108184B/en,
US-2615971-A,Pulse position dial receiver employing pulse superposition for identifying digits ,Bell Telephone Labor Inc,"William A Malthaner, Neal D Newby, Henry E Vaughan",1948-12-30,1948-12-30,1952-10-28,1952-10-28,https://patents.google.com/patent/US2615971A/en,https://patentimages.storage.googleapis.com/76/d5/36/c953ff9774b026/US2615971-drawings-page-1.png
JP-H05300293-A,Facsimile equipment with voice storage function ,"Toshiba Corp, 株式会社東芝","Masami Fukuda, 正巳 福田",1992-04-17,1992-04-17,1993-11-12,,https://patents.google.com/patent/JPH05300293A/en,
EP-1672516-A2,Automated banking machine apparatus and system ,"Diebold, Incorporated","Jay Paul Drummond, Dale Blackson, Lillei Chen, Bob Cichon, Mark Covert, Bradwick Q. Lepper, Mark A. Moales, Mark D. Smith, Robert J. Lemley, Micharl E. Califf, Jr., Shawn D. Joyce, Philip S. Moore, Steven C. Swingler",1996-11-27,1997-11-25,2006-06-21,,https://patents.google.com/patent/EP1672516A2/en,https://patentimages.storage.googleapis.com/79/2b/6b/493986da9b5859/imgf0001.png
JP-H0837574-A,Facsimile equipment ,"Brother Ind Ltd, ブラザー工業株式会社","Yuji Asano, 裕二 浅野",1994-07-22,1994-07-22,1996-02-06,,https://patents.google.com/patent/JPH0837574A/en,
BG-98429-A,Electron code switch for motor vehicles ,Doshkov,Petar Ts Doshkov,1994-01-31,1994-01-31,1996-05-31,,https://patents.google.com/patent/BG98429A/en,
JP-H06291974-A,Facsimile equipment ,"Toshiba Corp, 株式会社東芝","Masako Nozawa, 理子 野沢",1993-03-31,1993-03-31,1994-10-18,,https://patents.google.com/patent/JPH06291974A/en,
JP-3607436-B2,Facsimile apparatus and facsimile communication system ,株式会社リコー,"和夫 村井, 健一 水摩",1995-12-18,1996-10-31,2005-01-05,2005-01-05,https://patents.google.com/patent/JP3607436B2/en,https://patentimages.storage.googleapis.com/35/20/db/859b1d7419d370/0003607436-2.png
JP-H05160949-A,Communication system ,"Oki Electric Ind Co Ltd, 沖電気工業株式会社","Koji Eto, 弘司 江藤",1991-12-10,1991-12-10,1993-06-25,,https://patents.google.com/patent/JPH05160949A/en,
JP-H07162552-A,Communication equipment ,"Ricoh Co Ltd, 株式会社リコー","Hiroshi Tamura, 博 田村",1993-12-07,1993-12-07,1995-06-23,,https://patents.google.com/patent/JPH07162552A/en,
JP-H0698146-A,Facsimile equipment ,"Ricoh Co Ltd, 株式会社リコー","Osamu Suzuki, 治 鈴木",1992-09-11,1992-09-11,1994-04-08,,https://patents.google.com/patent/JPH0698146A/en,
JP-H0670126-A,Facsimile transmission control method ,"Ricoh Co Ltd, 株式会社リコー","Toshiaki Edamura, 敏彰 枝村",1992-08-18,1992-08-18,1994-03-11,,https://patents.google.com/patent/JPH0670126A/en,
GB-1358849-A,Data transmission ,Plessey Co Ltd,,1971-08-06,1971-08-06,1974-07-03,,https://patents.google.com/patent/GB1358849A/en,
